Format Version,1.23,Take Name,Take 2023-03-16 11.43.16 AM,Take Notes,,Capture Frame Rate,120.000000,Export Frame Rate,120.000000,Capture Start Time,2023-03-16 11.43.17.152 A.M.,Capture Start Frame,6968541,Total Frames in Take,956,Total Exported Frames,956,Rotation Type,XYZ,Length Units,Millimeters,Coordinate Space,Local

,Type,Rigid Body,Rigid Body,Rigid Body,Rigid Body,Rigid Body,Rigid Body,Rigid Body,Rigid Body,Rigid Body,Rigid Body,Rigid Body,Rigid Body,Rigid Body,Rigid Body,Rigid Body,Rigid Body,Rigid Body,Rigid Body
,Name,outer,outer,outer,outer,outer,outer,inner,inner,inner,inner,inner,inner,Robot,Robot,Robot,Robot,Robot,Robot
,ID,"4E59680EA26511ED1061CE48FBDC5DB3","4E59680EA26511ED1061CE48FBDC5DB3","4E59680EA26511ED1061CE48FBDC5DB3","4E59680EA26511ED1061CE48FBDC5DB3","4E59680EA26511ED1061CE48FBDC5DB3","4E59680EA26511ED1061CE48FBDC5DB3","66E8B991A26511ED1061CE48FBDC5DB3","66E8B991A26511ED1061CE48FBDC5DB3","66E8B991A26511ED1061CE48FBDC5DB3","66E8B991A26511ED1061CE48FBDC5DB3","66E8B991A26511ED1061CE48FBDC5DB3","66E8B991A26511ED1061CE48FBDC5DB3","9294D4D9A86211ED1061CE48FBDC5DB3","9294D4D9A86211ED1061CE48FBDC5DB3","9294D4D9A86211ED1061CE48FBDC5DB3","9294D4D9A86211ED1061CE48FBDC5DB3","9294D4D9A86211ED1061CE48FBDC5DB3","9294D4D9A86211ED1061CE48FBDC5DB3"
,,Rotation,Rotation,Rotation,Position,Position,Position,Rotation,Rotation,Rotation,Position,Position,Position,Rotation,Rotation,Rotation,Position,Position,Position
Frame,Time (Seconds),X,Y,Z,X,Y,Z,X,Y,Z,X,Y,Z,X,Y,Z,X,Y,Z
0,0.000000,,,,,,,,,,,,,0.330341,0.154575,-0.035298,-23.352634,103.607651,-30.627607
1,0.008333,,,,,,,,,,,,,0.326731,0.154062,-0.036929,-23.350880,103.598473,-30.633982
2,0.016667,,,,,,,,,,,,,0.336083,0.154572,-0.036827,-23.358912,103.599487,-30.631468
3,0.025000,,,,,,,,,,,,,0.314975,0.159987,-0.023309,-23.348330,103.604317,-30.632887
4,0.033333,,,,,,,,,,,,,0.318045,0.163643,-0.021242,-23.341526,103.596230,-30.624748
5,0.041667,,,,,,,,,,,,,0.313107,0.159841,-0.029134,-23.336515,103.606384,-30.633984
6,0.050000,,,,,,,,,,,,,0.311369,0.165179,-0.029517,-23.321810,103.619873,-30.634756
7,0.058333,,,,,,,,,,,,,0.309705,0.167080,-0.031554,-23.315351,103.639877,-30.651369
8,0.066667,,,,,,,,,,,,,0.330799,0.154802,-0.054462,-23.317616,103.619141,-30.644390
9,0.075000,,,,,,,,,,,,,0.324232,0.154671,-0.051551,-23.317566,103.615242,-30.641777
10,0.083333,,,,,,,,,,,,,0.302497,0.169287,-0.027567,-23.302725,103.615227,-30.635548
11,0.091667,,,,,,,,,,,,,0.317328,0.162745,-0.049875,-23.305017,103.588097,-30.632746
12,0.100000,,,,,,,,,,,,,0.298200,0.167060,-0.048957,-23.284349,103.613586,-30.642639
13,0.108333,,,,,,,,,,,,,0.322891,0.157974,-0.082702,-23.276430,103.613487,-30.647400
14,0.116667,,,,,,,,,,,,,0.318770,0.163599,-0.089812,-23.252989,103.622841,-30.656431
15,0.125000,,,,,,,,,,,,,0.335126,0.152762,-0.114318,-23.237236,103.616241,-30.643541
16,0.133333,,,,,,,,,,,,,0.328804,0.153077,-0.112803,-23.223131,103.610748,-30.624981
17,0.141667,,,,,,,,,,,,,0.344285,0.152647,-0.113873,-23.221273,103.602219,-30.621849
18,0.150000,,,,,,,,,,,,,0.317591,0.155476,-0.100184,-23.220844,103.625534,-30.632742
19,0.158333,,,,,,,,,,,,,0.320902,0.154440,-0.101959,-23.226768,103.611557,-30.641754
20,0.166667,,,,,,,,,,,,,0.533833,-0.070897,-0.502549,-23.324322,103.880074,-30.934589
21,0.175000,,,,,,,,,,,,,0.335768,0.152012,-0.114881,-23.247412,103.601822,-30.643217
22,0.183333,,,,,,,,,,,,,0.327008,0.147458,-0.104716,-23.245398,103.614677,-30.637686
23,0.191667,,,,,,,,,,,,,0.327050,0.149891,-0.104760,-23.239555,103.605537,-30.624229
24,0.200000,,,,,,,,,,,,,0.330522,0.148489,-0.113806,-23.231371,103.604523,-30.621889
25,0.208333,,,,,,,,,,,,,0.334925,0.148230,-0.113522,-23.230305,103.617973,-30.627745
26,0.216667,,,,,,,,,,,,,0.344948,0.147681,-0.121494,-23.235231,103.616440,-30.640484
27,0.225000,,,,,,,,,,,,,0.537090,-0.071887,-0.509668,-23.312538,103.883049,-30.926626
28,0.233333,,,,,,,,,,,,,0.334020,0.148456,-0.114394,-23.224396,103.609970,-30.636744
29,0.241667,,,,,,,,,,,,,0.339550,0.148806,-0.111303,-23.220253,103.603447,-30.622013
30,0.250000,,,,,,,,,,,,,0.343364,0.142674,-0.121848,-23.227711,103.602554,-30.618526
31,0.258333,,,,,,,,,,,,,0.346341,0.140834,-0.128842,-23.219873,103.609215,-30.626886
32,0.266667,,,,,,,,,,,,,0.333699,0.143212,-0.121608,-23.228924,103.624710,-30.634258
33,0.275000,,,,,,,,,,,,,0.359447,0.134732,-0.129449,-23.249004,103.610672,-30.638948
34,0.283333,,,,,,,,,,,,,0.329441,0.151024,-0.104879,-23.232061,103.613007,-30.634609
35,0.291667,,,,,,,,,,,,,0.328191,0.151889,-0.097642,-23.228975,103.611221,-30.633022
36,0.300000,,,,,,,,,,,,,0.360171,0.136790,-0.131380,-23.227539,103.598549,-30.623291
37,0.308333,,,,,,,,,,,,,0.324300,0.151161,-0.104264,-23.204325,103.625145,-30.622286
38,0.316667,,,,,,,,,,,,,0.348430,0.138453,-0.126843,-23.209108,103.626083,-30.629814
39,0.325000,,,,,,,,,,,,,0.348637,0.136037,-0.130560,-23.215439,103.614334,-30.611633
40,0.333333,,,,,,,,,,,,,0.363536,0.131441,-0.136043,-23.221159,103.615494,-30.609026
41,0.341667,,,,,,,,,,,,,0.334835,0.147399,-0.117745,-23.223360,103.610527,-30.612179
42,0.350000,,,,,,,,,,,,,0.349411,0.141847,-0.115380,-23.236851,103.599312,-30.610226
43,0.358333,,,,,,,,,,,,,0.335089,0.143117,-0.099830,-23.233831,103.596130,-30.611906
44,0.366667,,,,,,,,,,,,,0.344286,0.145740,-0.113126,-23.230120,103.604973,-30.614244
45,0.375000,,,,,,,,,,,,,0.320918,0.150921,-0.096540,-23.221327,103.624985,-30.624714
46,0.383333,,,,,,,,,,,,,0.315252,0.149540,-0.100255,-23.223066,103.616402,-30.621675
47,0.391667,,,,,,,,,,,,,0.320642,0.146591,-0.105049,-23.217852,103.617035,-30.622589
48,0.400000,,,,,,,,,,,,,0.314770,0.151695,-0.094886,-23.207336,103.621910,-30.623060
49,0.408333,,,,,,,,,,,,,0.313151,0.153543,-0.096142,-23.203230,103.618874,-30.621092
50,0.416667,,,,,,,,,,,,,0.359211,0.136252,-0.129234,-23.219429,103.603035,-30.620508
51,0.425000,,,,,,,,,,,,,0.453516,0.033548,-0.315968,-23.263018,103.693802,-30.724096
52,0.433333,,,,,,,,,,,,,0.344460,0.149749,-0.123905,-23.193567,103.621315,-30.618187
53,0.441667,,,,,,,,,,,,,0.349267,0.145612,-0.127850,-23.183548,103.619194,-30.610542
54,0.450000,,,,,,,,,,,,,0.327604,0.151480,-0.113401,-23.173122,103.635201,-30.613131
55,0.458333,,,,,,,,,,,,,0.342264,0.146718,-0.128944,-23.178495,103.625687,-30.620705
56,0.466667,,,,,,,,,,,,,0.331617,0.147972,-0.116066,-23.169764,103.629677,-30.620586
57,0.475000,,,,,,,,,,,,,0.341039,0.144759,-0.128743,-23.186405,103.614861,-30.609652
58,0.483333,,,,,,,,,,,,,0.326091,0.154328,-0.120457,-23.177872,103.621620,-30.632538
59,0.491667,,,,,,,,,,,,,0.437333,0.049481,-0.303311,-23.235569,103.693993,-30.727539
60,0.500000,,,,,,,,,,,,,0.332440,0.147523,-0.132666,-23.179092,103.622414,-30.626085
61,0.508333,,,,,,,,,,,,,0.335673,0.153482,-0.128723,-23.180363,103.631989,-30.629190
62,0.516667,,,,,,,,,,,,,0.533091,-0.067665,-0.509178,-23.263538,103.896774,-30.923929
63,0.525000,,,,,,,,,,,,,0.349905,0.144322,-0.138988,-23.193130,103.610596,-30.631725
64,0.533333,,,,,,,,,,,,,0.344128,0.149180,-0.137434,-23.198839,103.607689,-30.635920
65,0.541667,,,,,,,,,,,,,0.322444,0.157498,-0.119336,-23.189060,103.620056,-30.635792
66,0.550000,,,,,,,,,,,,,0.311119,0.156239,-0.107084,-23.185347,103.625381,-30.635553
67,0.558333,,,,,,,,,,,,,0.324648,0.157854,-0.111124,-23.185036,103.617317,-30.628799
68,0.566667,,,,,,,,,,,,,0.305615,0.160583,-0.097674,-23.172316,103.633652,-30.630432
69,0.575000,,,,,,,,,,,,,0.301163,0.156920,-0.098951,-23.171940,103.634521,-30.627068
70,0.583333,,,,,,,,,,,,,0.333454,0.144562,-0.126552,-23.171030,103.623466,-30.615448
71,0.591667,,,,,,,,,,,,,0.411771,0.047939,-0.291638,-23.234690,103.707840,-30.723291
72,0.600000,,,,,,,,,,,,,0.335935,0.144822,-0.119588,-23.184446,103.623077,-30.611708
73,0.608333,,,,,,,,,,,,,0.328595,0.142856,-0.110672,-23.190870,103.614639,-30.603279
74,0.616667,,,,,,,,,,,,,0.318245,0.148684,-0.106880,-23.189825,103.621338,-30.616098
75,0.625000,,,,,,,,,,,,,0.329838,0.148015,-0.117364,-23.181381,103.615616,-30.619600
76,0.633333,,,,,,,,,,,,,0.312841,0.159386,-0.107926,-23.169512,103.638306,-30.622513
77,0.641667,,,,,,,,,,,,,0.535168,-0.067697,-0.517011,-23.258648,103.904167,-30.908230
78,0.650000,,,,,,,,,,,,,0.430219,0.042264,-0.310573,-23.227203,103.721169,-30.719276
79,0.658333,,,,,,,,,,,,,0.415988,0.046704,-0.293389,-23.227880,103.707901,-30.719706
80,0.666667,,,,,,,,,,,,,0.310846,0.156162,-0.106951,-23.162724,103.625618,-30.615496
81,0.675000,,,,,,,,,,,,,0.328404,0.142879,-0.122828,-23.178553,103.619148,-30.620281
82,0.683333,,,,,,,,,,,,,0.322591,0.148938,-0.120496,-23.173489,103.639900,-30.635857
83,0.691667,,,,,,,,,,,,,0.323759,0.147069,-0.124878,-23.169565,103.637123,-30.628105
84,0.700000,,,,,,,,,,,,,1.271842,0.437742,0.235012,-23.258772,102.563057,-29.562298
85,0.708333,,,,,,,,,,,,,0.310366,0.154526,-0.123416,-23.153189,103.657097,-30.641161
86,0.716667,,,,,,,,,,,,,0.335679,0.149454,-0.138850,-23.160110,103.633263,-30.625639
87,0.725000,,,,,,,,,,,,,0.321972,0.153292,-0.129976,-23.153784,103.647568,-30.636732
88,0.733333,,,,,,,,,,,,,0.539407,-0.069094,-0.537465,-23.238733,103.908043,-30.929222
89,0.741667,,,,,,,,,,,,,0.368668,0.145612,-0.162183,-23.156002,103.612602,-30.643330
90,0.750000,,,,,,,,,,,,,0.418853,0.136757,-0.191706,-23.162476,103.604797,-30.645761
91,0.758333,,,,,,,,,,,,,0.431464,0.118579,-0.206919,-23.160742,103.599586,-30.648888
92,0.766667,,,,,,,,,,,,,0.617931,-0.087403,-0.594389,-23.231281,103.904518,-30.976709
93,0.775000,,,,,,,,,,,,,0.453509,0.119247,-0.224732,-23.162138,103.562759,-30.651487
94,0.783333,,,,,,,,,,,,,0.470959,0.107061,-0.229958,-23.178236,103.548195,-30.648964
95,0.791667,,,,,,,,,,,,,0.436679,0.070523,-0.212714,-23.141449,103.501923,-30.614096
96,0.800000,,,,,,,,,,,,,0.537614,0.068999,-0.316879,-23.163061,103.523598,-30.714798
97,0.808333,,,,,,,,,,,,,0.544563,0.068179,-0.324277,-23.147251,103.512726,-30.723492
98,0.816667,,,,,,,,,,,,,0.547478,0.067054,-0.332821,-23.136351,103.517082,-30.723600
99,0.825000,,,,,,,,,,,,,0.527143,0.071219,-0.327184,-23.111324,103.532738,-30.715553
100,0.833333,,,,,,,,,,,,,0.689943,-0.136980,-0.684778,-23.152332,103.883430,-31.062841
101,0.841667,,,,,,,,,,,,,0.502843,0.054494,-0.326893,-23.078482,103.518532,-30.699770
102,0.850000,,,,,,,,,,,,,0.493334,0.053960,-0.319003,-23.084538,103.508385,-30.683870
103,0.858333,,,,,,,,,,,,,0.472340,0.057623,-0.307319,-23.095617,103.499077,-30.698267
104,0.866667,,,,,,,,,,,,,0.437197,0.058066,-0.274316,-23.105957,103.484642,-30.699089
105,0.875000,,,,,,,,,,,,,0.599950,-0.145373,-0.616122,-23.163996,103.796501,-31.045296
106,0.883333,,,,,,,,,,,,,0.592359,-0.153408,-0.620794,-23.166048,103.806198,-31.046099
107,0.891667,,,,,,,,,,,,,0.432433,0.044435,-0.293268,-23.097538,103.469528,-30.707569
108,0.900000,,,,,,,,,,,,,0.431729,0.053311,-0.301473,-23.088312,103.484108,-30.694897
109,0.908333,,,,,,,,,,,,,0.427751,0.045220,-0.298397,-23.103436,103.486389,-30.688131
110,0.916667,,,,,,,,,,,,,0.420986,0.047023,-0.281995,-23.118359,103.467087,-30.683153
111,0.925000,,,,,,,,,,,,,0.435074,0.038514,-0.286702,-23.157454,103.460648,-30.711763
112,0.933333,,,,,,,,,,,,,0.402420,0.049368,-0.242497,-23.185028,103.441727,-30.697052
113,0.941667,,,,,,,,,,,,,0.416421,0.046345,-0.246373,-23.221180,103.448303,-30.708979
114,0.950000,,,,,,,,,,,,,0.422132,0.040491,-0.217637,-23.259111,103.446510,-30.698114
115,0.958333,,,,,,,,,,,,,0.340300,0.088863,-0.147410,-23.287876,103.550583,-30.773640
116,0.966667,,,,,,,,,,,,,0.413201,0.039699,-0.169594,-23.352045,103.455780,-30.681604
117,0.975000,,,,,,,,,,,,,0.397963,0.047867,-0.129400,-23.414181,103.464836,-30.721724
118,0.983333,,,,,,,,,,,,,0.385948,0.053103,-0.090059,-23.458838,103.451874,-30.716129
119,0.991667,,,,,,,,,,,,,0.387149,0.055658,-0.061405,-23.510235,103.458450,-30.719286
120,1.000000,,,,,,,,,,,,,0.382759,0.117586,-0.025769,-23.577646,103.545975,-30.815161
121,1.008333,,,,,,,,,,,,,0.037767,-0.058091,0.059089,-23.533163,103.402969,-30.570740
122,1.016667,,,,,,,,,,,,,0.365531,0.126451,0.059668,-23.702538,103.536713,-30.804579
123,1.025000,,,,,,,,,,,,,0.352887,0.047414,0.044228,-23.765366,103.566467,-30.839874
124,1.033333,,,,,,,,,,,,,0.394179,0.072762,0.058604,-23.868670,103.570847,-30.874723
125,1.041667,,,,,,,,,,,,,0.377529,0.072766,0.097619,-23.932417,103.568794,-30.885490
126,1.050000,,,,,,,,,,,,,0.385466,0.072330,0.136422,-24.005600,103.565216,-30.885183
127,1.058333,,,,,,,,,,,,,0.416843,0.004402,0.183369,-24.112123,103.464264,-30.736929
128,1.066667,,,,,,,,,,,,,0.410229,0.078531,0.213864,-24.150742,103.601715,-30.890638
129,1.075000,,,,,,,,,,,,,0.449891,0.065244,0.223200,-24.222881,103.624306,-30.906275
130,1.083333,,,,,,,,,,,,,0.440711,0.064452,0.266107,-24.289356,103.638382,-30.901791
131,1.091667,,,,,,,,,,,,,0.435487,0.064607,0.309112,-24.348881,103.641655,-30.899832
132,1.100000,,,,,,,,,,,,,0.427664,0.066666,0.340869,-24.409319,103.641899,-30.905762
133,1.108333,,,,,,,,,,,,,0.518767,0.017820,0.299783,-24.535305,103.591858,-30.890059
134,1.116667,,,,,,,,,,,,,0.528143,0.016687,0.326220,-24.597738,103.615990,-30.883965
135,1.125000,,,,,,,,,,,,,0.450595,0.061773,0.406621,-24.557169,103.670555,-30.879400
136,1.133333,,,,,,,,,,,,,0.546360,0.006539,0.332395,-24.626886,103.633865,-30.857130
137,1.141667,,,,,,,,,,,,,0.488444,-0.019390,0.370996,-24.640833,103.644440,-30.802849
138,1.150000,,,,,,,,,,,,,0.491775,-0.023031,0.351072,-24.608225,103.620346,-30.813278
139,1.158333,,,,,,,,,,,,,0.464821,-0.015510,0.330919,-24.559908,103.620003,-30.828836
140,1.166667,,,,,,,,,,,,,0.462900,-0.005252,0.325102,-24.539589,103.624916,-30.833712
141,1.175000,,,,,,,,,,,,,0.472409,-0.019403,0.295513,-24.520676,103.646667,-30.832506
142,1.183333,,,,,,,,,,,,,0.418866,0.006733,0.355457,-24.476595,103.571663,-30.697363
143,1.191667,,,,,,,,,,,,,0.423535,-0.001178,0.344797,-24.464685,103.565483,-30.685965
144,1.200000,,,,,,,,,,,,,0.421368,0.014455,0.349845,-24.444054,103.548195,-30.689106
145,1.208333,,,,,,,,,,,,,0.425375,0.006135,0.331455,-24.453030,103.549057,-30.702932
146,1.216667,,,,,,,,,,,,,0.408399,0.010545,0.346806,-24.440981,103.554077,-30.705366
147,1.225000,,,,,,,,,,,,,0.417684,0.012268,0.341628,-24.448782,103.567886,-30.718569
148,1.233333,,,,,,,,,,,,,0.425420,0.002092,0.334334,-24.450989,103.575668,-30.709160
149,1.241667,,,,,,,,,,,,,0.432893,0.007011,0.341718,-24.463316,103.567863,-30.694918
150,1.250000,,,,,,,,,,,,,0.430528,0.013598,0.362070,-24.469589,103.549011,-30.683033
151,1.258333,,,,,,,,,,,,,0.418538,0.014227,0.370680,-24.480387,103.542427,-30.687231
152,1.266667,,,,,,,,,,,,,0.469519,-0.006711,0.314255,-24.524944,103.630562,-30.817730
153,1.275000,,,,,,,,,,,,,0.466000,-0.011628,0.321542,-24.542303,103.634773,-30.816980
154,1.283333,,,,,,,,,,,,,0.476650,-0.011041,0.327567,-24.568043,103.645378,-30.814651
155,1.291667,,,,,,,,,,,,,0.474305,-0.015275,0.341103,-24.582569,103.652382,-30.818163
156,1.300000,,,,,,,,,,,,,0.491067,-0.020276,0.351302,-24.626804,103.629616,-30.806664
157,1.308333,,,,,,,,,,,,,0.372723,0.026842,0.466007,-24.591280,103.570145,-30.694241
158,1.316667,,,,,,,,,,,,,0.337465,0.026767,0.595676,-24.506212,103.697525,-30.732830
159,1.325000,,,,,,,,,,,,,0.490197,-0.023301,0.372853,-24.652815,103.630493,-30.808495
160,1.333333,,,,,,,,,,,,,0.395185,0.016072,0.448553,-24.597260,103.567657,-30.706524
161,1.341667,,,,,,,,,,,,,0.451900,-0.008304,0.409421,-24.611193,103.539124,-30.697628
162,1.350000,,,,,,,,,,,,,0.404579,0.016591,0.439045,-24.580990,103.554649,-30.693300
163,1.358333,,,,,,,,,,,,,0.387025,0.012833,0.544040,-24.493649,103.655205,-30.722569
164,1.366667,,,,,,,,,,,,,0.409844,0.009374,0.422486,-24.576014,103.556671,-30.705067
165,1.375000,,,,,,,,,,,,,0.473263,-0.018760,0.355690,-24.604908,103.634033,-30.814795
166,1.383333,,,,,,,,,,,,,0.402815,0.016745,0.438631,-24.570293,103.560417,-30.696407
167,1.391667,,,,,,,,,,,,,0.479190,-0.008215,0.357243,-24.617996,103.625702,-30.822203
168,1.400000,,,,,,,,,,,,,0.392925,0.007202,0.542114,-24.506887,103.642601,-30.721767
169,1.408333,,,,,,,,,,,,,0.382030,0.005719,0.555541,-24.531742,103.651459,-30.724266
170,1.416667,,,,,,,,,,,,,0.345870,0.031773,0.591523,-24.500910,103.676109,-30.730595
171,1.425000,,,,,,,,,,,,,0.548853,-0.055728,0.411105,-24.591002,103.693825,-30.837809
172,1.433333,,,,,,,,,,,,,0.426721,-0.005209,0.533222,-24.539795,103.622025,-30.715849
173,1.441667,,,,,,,,,,,,,0.337323,0.026181,0.589150,-24.503487,103.675362,-30.728765
174,1.450000,,,,,,,,,,,,,0.402614,0.015713,0.445146,-24.583906,103.557877,-30.698107
175,1.458333,,,,,,,,,,,,,0.422936,0.014864,0.428538,-24.582211,103.602104,-30.700764
176,1.466667,,,,,,,,,,,,,0.294864,-0.031730,0.523489,-24.696121,103.676247,-30.735928
177,1.475000,,,,,,,,,,,,,0.403959,0.019306,0.428300,-24.555485,103.615471,-30.698805
178,1.483333,,,,,,,,,,,,,0.392854,0.014305,0.450982,-24.599434,103.559700,-30.705992
179,1.491667,,,,,,,,,,,,,0.373291,0.016979,0.566583,-24.510715,103.660614,-30.713982
180,1.500000,,,,,,,,,,,,,0.482748,-0.028099,0.372690,-24.658920,103.570862,-30.750051
181,1.508333,,,,,,,,,,,,,0.400101,0.012969,0.449793,-24.590986,103.553963,-30.697758
182,1.516667,,,,,,,,,,,,,0.452602,-0.008030,0.414061,-24.616901,103.532234,-30.697626
183,1.525000,,,,,,,,,,,,,0.502740,-0.024139,0.356723,-24.647936,103.633209,-30.824825
184,1.533333,,,,,,,,,,,,,0.460647,-0.008773,0.408125,-24.624895,103.532867,-30.707630
185,1.541667,,,,,,,,,,,,,0.486780,-0.016798,0.372461,-24.638733,103.616226,-30.807308
186,1.550000,,,,,,,,,,,,,0.501520,-0.024562,0.360885,-24.651051,103.618767,-30.808771
187,1.558333,,,,,,,,,,,,,0.405345,0.016726,0.451751,-24.585302,103.544617,-30.687611
188,1.566667,,,,,,,,,,,,,0.496220,-0.010893,0.351759,-24.632952,103.625046,-30.823071
189,1.575000,,,,,,,,,,,,,0.485984,-0.018894,0.363063,-24.639645,103.626686,-30.811747
190,1.583333,,,,,,,,,,,,,0.427274,0.000879,0.429475,-24.623755,103.541229,-30.697346
191,1.591667,,,,,,,,,,,,,0.417133,0.013518,0.445957,-24.612301,103.532455,-30.699995
192,1.600000,,,,,,,,,,,,,0.393029,0.019525,0.457628,-24.588514,103.548088,-30.704386
193,1.608333,,,,,,,,,,,,,0.409822,0.011719,0.442970,-24.593527,103.544098,-30.689804
194,1.616667,,,,,,,,,,,,,0.460599,-0.012984,0.409183,-24.621256,103.534851,-30.696293
195,1.625000,,,,,,,,,,,,,0.413076,0.000568,0.543194,-24.532236,103.644440,-30.728962
196,1.633333,,,,,,,,,,,,,0.496768,-0.029414,0.357919,-24.645172,103.621361,-30.813585
197,1.641667,,,,,,,,,,,,,0.452179,-0.008052,0.407008,-24.618938,103.529503,-30.693243
198,1.650000,,,,,,,,,,,,,0.386234,0.015615,0.564695,-24.503414,103.657776,-30.725172
199,1.658333,,,,,,,,,,,,,0.437134,-0.015426,0.518836,-24.535467,103.621933,-30.720392
200,1.666667,,,,,,,,,,,,,0.516212,-0.041848,0.420331,-24.563459,103.694862,-30.824034
201,1.675000,,,,,,,,,,,,,0.404232,0.000615,0.545982,-24.529011,103.634155,-30.725430
202,1.683333,,,,,,,,,,,,,0.338964,0.029117,0.593692,-24.494759,103.676292,-30.731174
203,1.691667,,,,,,,,,,,,,0.345397,0.026749,0.585496,-24.495258,103.678818,-30.738007
204,1.700000,,,,,,,,,,,,,0.379816,0.028528,0.472209,-24.584627,103.563042,-30.696903
205,1.708333,,,,,,,,,,,,,0.390160,0.028227,0.466103,-24.578213,103.556442,-30.692938
206,1.716667,,,,,,,,,,,,,0.551736,-0.054487,0.409068,-24.581934,103.694008,-30.834072
207,1.725000,,,,,,,,,,,,,0.401266,0.002705,0.550080,-24.532106,103.639458,-30.724081
208,1.733333,,,,,,,,,,,,,0.542183,-0.048138,0.415087,-24.576025,103.693817,-30.839378
209,1.741667,,,,,,,,,,,,,0.508025,-0.016100,0.360345,-24.652039,103.608910,-30.818384
210,1.750000,,,,,,,,,,,,,0.550556,-0.040418,0.401638,-24.567331,103.688370,-30.837509
211,1.758333,,,,,,,,,,,,,0.534318,-0.040975,0.413885,-24.564350,103.702072,-30.835669
212,1.766667,,,,,,,,,,,,,0.491701,-0.017690,0.365473,-24.636747,103.622406,-30.807331
213,1.775000,,,,,,,,,,,,,0.385909,0.012369,0.562435,-24.505148,103.648560,-30.717987
214,1.783333,,,,,,,,,,,,,0.403016,0.008763,0.446597,-24.581896,103.555962,-30.696516
215,1.791667,,,,,,,,,,,,,0.358767,0.021261,0.576200,-24.500463,103.673439,-30.735075
216,1.800000,,,,,,,,,,,,,0.452213,-0.004971,0.423394,-24.616726,103.531517,-30.692436
217,1.808333,,,,,,,,,,,,,0.517961,-0.033480,0.432567,-24.552704,103.694740,-30.831532
218,1.816667,,,,,,,,,,,,,0.484235,-0.015476,0.366400,-24.635433,103.622253,-30.806911
219,1.825000,,,,,,,,,,,,,0.429911,0.003919,0.437519,-24.612572,103.536934,-30.699156
220,1.833333,,,,,,,,,,,,,0.452566,-0.002617,0.418303,-24.619829,103.521507,-30.693285
221,1.841667,,,,,,,,,,,,,0.447965,-0.004294,0.417863,-24.613754,103.527229,-30.687468
222,1.850000,,,,,,,,,,,,,0.493224,-0.025694,0.360772,-24.644733,103.628151,-30.810291
223,1.858333,,,,,,,,,,,,,0.437538,0.004617,0.431350,-24.617640,103.531639,-30.699625
224,1.866667,,,,,,,,,,,,,0.435323,-0.000025,0.434539,-24.609072,103.540222,-30.692528
225,1.875000,,,,,,,,,,,,,0.537820,-0.056624,0.413537,-24.583399,103.705070,-30.832239
226,1.883333,,,,,,,,,,,,,0.492540,0.056625,0.326541,-24.630657,103.633331,-30.808418
227,1.891667,,,,,,,,,,,,,0.515985,0.238524,0.144671,-24.694502,103.616829,-30.823212
228,1.900000,,,,,,,,,,,,,0.381910,0.358908,-0.079158,-24.713009,103.568428,-30.769114
229,1.908333,,,,,,,,,,,,,0.246898,0.362220,-0.170589,-24.848618,103.838760,-30.799292
230,1.916667,,,,,,,,,,,,,0.670336,-0.007379,-0.780121,-25.297279,104.143082,-30.984959
231,1.925000,,,,,,,,,,,,,0.657984,-0.004960,-0.720121,-25.857920,104.195610,-30.890100
232,1.933333,,,,,,,,,,,,,1.453885,0.660235,0.112507,-26.450569,102.739143,-29.445566
233,1.941667,,,,,,,,,,,,,0.370623,0.393840,-0.232565,-27.171579,104.013748,-30.776054
234,1.950000,,,,,,,,,,,,,1.017076,-0.005350,-0.424329,-28.771515,103.399269,-30.722023
235,1.958333,,,,,,,,,,,,,0.521777,0.306876,-0.276165,-29.251694,103.697021,-30.841196
236,1.966667,,,,,,,,,,,,,0.446045,0.340094,-0.186584,-30.130714,103.617249,-30.815304
237,1.975000,,,,,,,,,,,,,0.189690,0.369369,0.082822,-31.191935,103.797501,-30.966766
238,1.983333,,,,,,,,,,,,,0.488262,0.336836,-0.092086,-32.200096,103.830666,-30.921713
239,1.991667,,,,,,,,,,,,,0.683155,0.322049,-0.278215,-33.158173,103.883949,-30.823624
240,2.000000,,,,,,,,,,,,,0.582589,0.376682,-0.323138,-34.186279,103.856468,-30.785625
241,2.008333,,,,,,,,,,,,,0.669741,0.353950,-0.528317,-35.190945,103.943794,-30.901928
242,2.016667,,,,,,,,,,,,,0.457516,0.425962,-0.316506,-36.211094,103.944221,-30.893393
243,2.025000,,,,,,,,,,,,,0.523209,0.391889,-0.346947,-37.404758,103.932838,-30.853825
244,2.033333,,,,,,,,,,,,,1.114505,0.150540,-0.403943,-38.973263,103.553741,-30.884190
245,2.041667,,,,,,,,,,,,,0.610121,0.308916,-0.619259,-39.996483,103.926071,-30.841846
246,2.050000,,,,,,,,,,,,,0.569815,0.441258,-0.475040,-41.461113,104.064926,-31.004301
247,2.058333,,,,,,,,,,,,,0.539094,0.502285,-0.395021,-42.882328,104.002792,-30.972309
248,2.066667,,,,,,,,,,,,,0.022333,0.347185,-0.268650,-44.130993,103.642456,-30.541740
249,2.075000,,,,,,,,,,,,,0.341044,0.629221,-0.255759,-45.883308,104.540871,-31.502657
250,2.083333,,,,,,,,,,,,,-0.605196,0.238314,-0.120297,-47.241940,103.814835,-30.396721
251,2.091667,,,,,,,,,,,,,1.324486,0.277832,-0.972180,-48.662922,102.933655,-29.655762
252,2.100000,,,,,,,,,,,,,1.412412,0.399210,-0.866444,-50.377876,102.857948,-29.486275
253,2.108333,,,,,,,,,,,,,0.935479,0.998945,0.020819,-52.181767,103.444527,-30.267603
254,2.116667,,,,,,,,,,,,,1.004573,1.188736,0.274201,-54.055885,103.056686,-29.976738
255,2.125000,,,,,,,,,,,,,0.681342,0.606973,-0.650229,-55.922775,104.335991,-31.235207
256,2.133333,,,,,,,,,,,,,0.595919,0.719877,-0.514167,-57.881733,104.151321,-31.028582
257,2.141667,,,,,,,,,,,,,0.999872,1.363410,0.182690,-59.564835,103.061920,-30.029037
258,2.150000,,,,,,,,,,,,,0.919576,0.937403,-0.358700,-61.730022,103.740555,-30.560038
259,2.158333,,,,,,,,,,,,,0.567752,1.044564,-0.170857,-63.882843,103.943977,-31.020506
260,2.166667,,,,,,,,,,,,,0.748652,0.880399,-0.193223,-65.978401,104.120476,-31.048391
261,2.175000,,,,,,,,,,,,,0.470659,0.984695,-0.097997,-67.976189,103.977005,-30.927525
262,2.183333,,,,,,,,,,,,,0.621958,1.012819,-0.295657,-70.145126,104.178596,-31.007212
263,2.191667,,,,,,,,,,,,,0.949259,1.068530,-0.396821,-72.227684,104.058121,-30.534784
264,2.200000,,,,,,,,,,,,,0.589200,1.142825,-0.204279,-74.335007,104.245674,-30.869734
265,2.208333,,,,,,,,,,,,,0.694866,1.207547,-0.304882,-76.522804,104.350410,-31.013519
266,2.216667,,,,,,,,,,,,,0.475642,1.278974,-0.258353,-78.513664,104.200874,-30.912085
267,2.225000,,,,,,,,,,,,,0.612070,1.265062,-0.462359,-80.834450,104.379807,-31.099583
268,2.233333,,,,,,,,,,,,,0.599448,1.400789,-0.417859,-83.172653,104.479797,-31.037235
269,2.241667,,,,,,,,,,,,,0.613569,1.554835,-0.425933,-85.270058,104.464615,-30.894924
270,2.250000,,,,,,,,,,,,,0.807576,1.416937,-0.814192,-87.658195,104.915741,-31.223631
271,2.258333,,,,,,,,,,,,,1.069107,2.129197,0.442904,-90.022263,103.321915,-29.713001
272,2.266667,,,,,,,,,,,,,0.567397,1.710554,-0.302926,-92.422859,104.440445,-30.870224
273,2.275000,,,,,,,,,,,,,1.098709,2.332008,0.642031,-94.978462,103.165810,-29.608873
274,2.283333,,,,,,,,,,,,,0.578980,1.900626,-0.225610,-97.461235,104.299438,-30.754396
275,2.291667,,,,,,,,,,,,,0.526274,2.036858,-0.104611,-100.088936,104.238724,-30.770267
276,2.300000,,,,,,,,,,,,,0.570754,2.102365,-0.109978,-102.619492,104.197441,-30.700743
277,2.308333,,,,,,,,,,,,,0.834666,1.980328,-0.384358,-105.272018,104.332993,-30.728899
278,2.316667,,,,,,,,,,,,,0.418166,2.107633,-0.046448,-107.819557,104.155838,-30.536825
279,2.325000,,,,,,,,,,,,,0.970865,2.236568,-0.265099,-110.265518,104.188705,-30.343643
280,2.333333,,,,,,,,,,,,,0.991469,2.839273,0.743240,-113.074127,103.222672,-29.413944
281,2.341667,,,,,,,,,,,,,0.693973,2.162254,-0.414827,-115.673218,104.584335,-30.648352
282,2.350000,,,,,,,,,,,,,0.510727,2.328446,-0.365487,-118.312569,104.314163,-30.386675
283,2.358333,,,,,,,,,,,,,0.501865,2.364807,-0.490006,-121.008881,104.434029,-30.359854
284,2.366667,,,,,,,,,,,,,0.892677,2.603153,-0.524154,-123.609207,104.176926,-29.845726
285,2.375000,,,,,,,,,,,,,0.578173,2.677151,-0.445701,-126.656693,104.494606,-30.223873
286,2.383333,,,,,,,,,,,,,1.069410,2.821085,-0.285325,-129.468018,103.697403,-29.690079
287,2.391667,,,,,,,,,,,,,0.599966,2.919722,-0.391834,-132.315506,104.432823,-30.049923
288,2.400000,,,,,,,,,,,,,0.529206,3.038091,-0.316840,-135.254028,104.420242,-29.900648
289,2.408333,,,,,,,,,,,,,0.557372,3.081690,-0.268823,-138.129349,104.553635,-29.889540
290,2.416667,,,,,,,,,,,,,0.560460,3.112916,-0.340711,-141.139069,104.774910,-29.982931
291,2.425000,,,,,,,,,,,,,0.574182,3.327936,-0.233270,-144.176468,104.619568,-29.775526
292,2.433333,,,,,,,,,,,,,0.552736,3.410891,-0.304369,-147.090881,104.654419,-29.720388
293,2.441667,,,,,,,,,,,,,0.817519,4.205938,0.777222,-150.008148,103.269295,-28.215416
294,2.450000,,,,,,,,,,,,,0.535957,3.800927,-0.236070,-152.896835,104.398056,-29.139824
295,2.458333,,,,,,,,,,,,,0.507924,3.956718,-0.242708,-155.825027,104.438362,-28.971622
296,2.466667,,,,,,,,,,,,,1.023935,4.042202,-0.470370,-158.664566,104.107864,-28.300219
297,2.475000,,,,,,,,,,,,,0.549343,3.943333,-0.492938,-161.782852,104.547882,-28.605528
298,2.483333,,,,,,,,,,,,,0.774815,4.721529,0.319317,-164.577255,103.379852,-27.293152
299,2.491667,,,,,,,,,,,,,0.611642,4.101956,-0.609342,-168.005539,104.811005,-28.430510
300,2.500000,,,,,,,,,,,,,0.631865,4.243158,-0.540174,-171.168152,104.784012,-28.171789
301,2.508333,,,,,,,,,,,,,0.481051,4.404494,-0.353987,-174.319260,104.614983,-27.833244
302,2.516667,,,,,,,,,,,,,0.513625,4.485782,-0.341812,-177.505844,104.655281,-27.558588
303,2.525000,,,,,,,,,,,,,0.609619,4.542673,-0.459412,-180.674744,104.778610,-27.375500
304,2.533333,,,,,,,,,,,,,0.398536,4.691312,-0.329316,-183.828888,104.671738,-27.062479
305,2.541667,,,,,,,,,,,,,0.989603,4.803749,-0.677649,-187.004776,104.466202,-26.576073
306,2.550000,,,,,,,,,,,,,0.618453,4.762568,-0.728790,-190.297699,105.144890,-27.110603
307,2.558333,,,,,,,,,,,,,0.666484,5.359042,0.264009,-193.374146,103.699104,-25.459379
308,2.566667,,,,,,,,,,,,,0.457811,4.965892,-0.687056,-196.732635,105.125359,-26.476299
309,2.575000,,,,,,,,,,,,,0.482484,5.048679,-0.717488,-200.020081,105.017876,-26.075542
310,2.583333,,,,,,,,,,,,,0.661771,5.140781,-0.821740,-203.329727,105.157410,-25.880955
311,2.591667,,,,,,,,,,,,,-0.191862,5.486904,0.025212,-206.386948,105.260529,-25.343037
312,2.600000,,,,,,,,,,,,,0.542951,5.429323,-0.670556,-210.093796,105.122528,-25.337423
313,2.608333,,,,,,,,,,,,,0.690306,5.420393,-0.748492,-213.562317,105.255798,-25.123453
314,2.616667,,,,,,,,,,,,,0.714345,5.544544,-0.764161,-217.051956,105.385971,-24.909344
315,2.625000,,,,,,,,,,,,,1.016043,5.746828,-0.605016,-220.293350,104.817619,-23.925188
316,2.633333,,,,,,,,,,,,,0.636767,5.801717,-0.659160,-223.959671,105.374489,-24.133776
317,2.641667,,,,,,,,,,,,,0.631296,5.949999,-0.655473,-227.333542,105.340630,-23.732466
318,2.650000,,,,,,,,,,,,,0.597281,5.981669,-0.729050,-230.739914,105.324944,-23.413351
319,2.658333,,,,,,,,,,,,,0.331246,6.086637,-0.498171,-234.105148,105.849373,-23.214777
320,2.666667,,,,,,,,,,,,,0.853379,6.103521,-0.886925,-237.766113,105.639473,-22.749279
321,2.675000,,,,,,,,,,,,,0.745482,6.221487,-0.847346,-241.198349,105.632133,-22.295307
322,2.683333,,,,,,,,,,,,,0.835253,6.413108,-0.799580,-244.808167,105.806664,-22.070267
323,2.691667,,,,,,,,,,,,,0.714480,6.520273,-0.746943,-248.283890,105.725418,-21.670759
324,2.700000,,,,,,,,,,,,,0.929071,6.607335,-0.928584,-251.879089,105.992897,-21.428005
325,2.708333,,,,,,,,,,,,,0.695350,6.678688,-0.774200,-255.312683,105.926842,-20.930784
326,2.716667,,,,,,,,,,,,,0.105879,6.990151,-0.081057,-258.722076,105.967186,-20.168621
327,2.725000,,,,,,,,,,,,,0.700125,6.703497,-0.817220,-262.393402,106.042206,-20.133713
328,2.733333,,,,,,,,,,,,,0.612754,6.786265,-0.723326,-265.963440,105.814140,-19.593397
329,2.741667,,,,,,,,,,,,,0.742829,6.775871,-0.869856,-269.573273,106.022301,-19.384016
330,2.750000,,,,,,,,,,,,,0.803680,7.421183,0.159210,-273.068054,104.837128,-17.830921
331,2.758333,,,,,,,,,,,,,0.563336,6.892461,-0.694451,-276.828125,105.879593,-18.551325
332,2.766667,,,,,,,,,,,,,0.274813,6.819249,-1.048998,-280.432648,105.799316,-17.831530
333,2.775000,,,,,,,,,,,,,1.138712,7.240258,-0.833807,-284.132019,105.626694,-17.192038
334,2.783333,,,,,,,,,,,,,0.914766,7.267244,-0.956796,-287.646698,106.278526,-17.140072
335,2.791667,,,,,,,,,,,,,0.898164,7.314467,-0.936568,-291.224518,106.299530,-16.825356
336,2.800000,,,,,,,,,,,,,0.818301,7.330808,-0.937935,-294.851959,106.244736,-16.473810
337,2.808333,,,,,,,,,,,,,0.906919,7.998140,0.188117,-298.373505,104.928299,-14.973980
338,2.816667,,,,,,,,,,,,,0.030834,7.130214,-0.936961,-302.085754,105.578598,-15.340939
339,2.825000,,,,,,,,,,,,,0.496861,7.492826,-0.670561,-305.458618,106.609932,-15.116543
340,2.833333,,,,,,,,,,,,,-0.228034,7.372187,-0.709877,-309.030579,105.488564,-13.840303
341,2.841667,,,,,,,,,,,,,0.080459,7.855536,-0.442393,-312.666260,104.530807,-12.688324
342,2.850000,,,,,,,,,,,,,0.717946,7.755596,-0.854944,-316.393707,106.413246,-13.703138
343,2.858333,,,,,,,,,,,,,1.170214,7.800418,-0.895256,-320.041168,106.013649,-12.770744
344,2.866667,,,,,,,,,,,,,-0.369274,7.662218,-0.685072,-323.675385,105.449509,-11.877221
345,2.875000,,,,,,,,,,,,,-0.116975,7.623225,-0.687321,-327.448700,105.645844,-11.514492
346,2.883333,,,,,,,,,,,,,0.965095,8.067452,-0.351825,-331.390167,105.754951,-11.489300
347,2.891667,,,,,,,,,,,,,0.686590,8.114755,-0.656882,-335.022797,106.412491,-11.402411
348,2.900000,,,,,,,,,,,,,0.963487,8.163845,-0.415379,-338.768646,106.020035,-10.623186
349,2.908333,,,,,,,,,,,,,1.131278,8.076462,-0.583941,-342.426208,106.301201,-10.498899
350,2.916667,,,,,,,,,,,,,1.042323,8.323898,-0.369763,-346.123749,106.071884,-9.733220
351,2.925000,,,,,,,,,,,,,0.878272,8.390473,-0.946238,-349.652252,106.899048,-9.432152
352,2.933333,,,,,,,,,,,,,0.726156,8.261579,-0.873560,-353.174194,106.881935,-9.006162
353,2.941667,,,,,,,,,,,,,1.133033,8.420609,-0.594760,-357.279877,106.434700,-8.441833
354,2.950000,,,,,,,,,,,,,1.122903,8.537355,-0.523517,-360.684814,106.325020,-7.746913
355,2.958333,,,,,,,,,,,,,0.804331,8.547200,-0.969550,-364.094574,107.017181,-7.367239
356,2.966667,,,,,,,,,,,,,0.912517,8.637862,-0.293081,-368.307404,106.260277,-6.901637
357,2.975000,,,,,,,,,,,,,0.885747,8.866534,-0.374653,-371.416138,106.417313,-6.077320
358,2.983333,,,,,,,,,,,,,1.187255,8.638935,-0.706864,-375.417908,106.660011,-5.845045
359,2.991667,,,,,,,,,,,,,1.010338,8.634009,-0.812286,-379.128143,106.856209,-5.286992
360,3.000000,,,,,,,,,,,,,0.951290,8.984001,-0.516881,-382.476440,106.620544,-4.315353
361,3.008333,,,,,,,,,,,,,1.093007,9.016812,-0.271412,-386.288757,106.393211,-3.860004
362,3.016667,,,,,,,,,,,,,1.031811,8.833135,-1.250706,-389.961823,107.618446,-3.908780
363,3.025000,,,,,,,,,,,,,0.975317,8.890109,-0.569199,-393.850616,106.967102,-3.387872
364,3.033333,,,,,,,,,,,,,0.900901,8.999092,-0.700009,-397.511353,107.290657,-2.737644
365,3.041667,,,,,,,,,,,,,1.216381,8.978645,-0.869239,-401.114197,107.245621,-2.179341
366,3.050000,,,,,,,,,,,,,1.368719,9.278535,-0.939461,-404.765320,107.088814,-1.090201
367,3.058333,,,,,,,,,,,,,0.967463,9.083052,-0.841414,-408.606750,107.454659,-1.140146
368,3.066667,,,,,,,,,,,,,0.868947,9.124792,-0.975966,-412.196808,107.849976,-0.586827
369,3.075000,,,,,,,,,,,,,1.080890,9.224315,-0.474501,-416.384308,107.041779,0.100685
370,3.083333,,,,,,,,,,,,,1.014247,9.198374,-0.574649,-420.020050,107.098854,0.530410
371,3.091667,,,,,,,,,,,,,1.011025,9.359059,-0.682031,-423.613739,107.215363,1.287766
372,3.100000,,,,,,,,,,,,,0.832109,9.415349,-1.081899,-427.105103,107.957314,1.711122
373,3.108333,,,,,,,,,,,,,1.029059,9.487649,-1.018130,-430.846344,107.827377,2.322029
374,3.116667,,,,,,,,,,,,,1.156275,9.538361,-0.522026,-434.973419,107.247002,3.011796
375,3.125000,,,,,,,,,,,,,1.157831,9.499225,-0.846675,-438.317749,107.671432,3.589657
376,3.133333,,,,,,,,,,,,,1.207962,9.599749,-0.847710,-442.066376,107.674438,4.256235
377,3.141667,,,,,,,,,,,,,0.740035,9.464530,-0.538999,-446.195801,107.790398,4.838292
378,3.150000,,,,,,,,,,,,,0.873477,10.152977,-0.548039,-449.063385,107.535454,5.836097
379,3.158333,,,,,,,,,,,,,1.192859,10.233664,-0.412976,-452.741486,107.119308,6.786469
380,3.166667,,,,,,,,,,,,,1.059585,9.778663,-1.333601,-456.708099,108.673500,6.556306
381,3.175000,,,,,,,,,,,,,0.997478,9.767895,-1.269266,-460.530701,108.568985,7.265944
382,3.183333,,,,,,,,,,,,,1.146456,9.883597,-1.018708,-464.598450,108.125587,7.952313
383,3.191667,,,,,,,,,,,,,1.124484,10.011543,-0.720258,-468.091278,107.821724,8.774054
384,3.200000,,,,,,,,,,,,,1.505658,10.007803,-1.039010,-471.742493,108.149918,9.254675
385,3.208333,,,,,,,,,,,,,1.045922,10.205725,-0.509844,-475.621155,107.722313,10.107756
386,3.216667,,,,,,,,,,,,,1.088261,9.878121,-0.800306,-479.543457,107.982353,10.320963
387,3.225000,,,,,,,,,,,,,1.050555,10.040509,-1.243001,-483.041107,108.827812,11.053986
388,3.233333,,,,,,,,,,,,,1.141599,10.106857,-1.044451,-486.679443,108.797791,11.740804
389,3.241667,,,,,,,,,,,,,1.313761,10.116633,-1.128686,-490.415375,108.682297,12.482866
390,3.250000,,,,,,,,,,,,,1.256484,10.145380,-0.739418,-494.382111,108.334793,13.033686
391,3.258333,,,,,,,,,,,,,0.592882,9.802578,-0.949046,-498.196686,107.774025,14.086814
392,3.266667,,,,,,,,,,,,,1.087616,10.349733,-0.657364,-501.829803,108.279831,14.545221
393,3.275000,,,,,,,,,,,,,1.143353,10.339515,-0.922890,-505.540375,108.740616,14.925867
394,3.283333,,,,,,,,,,,,,1.492683,10.454112,-0.794235,-509.295868,108.360397,15.781034
395,3.291667,,,,,,,,,,,,,1.070393,10.467277,-0.285252,-513.531738,107.871758,16.223766
396,3.300000,,,,,,,,,,,,,1.222988,10.475997,-0.760674,-516.975098,108.631752,16.907591
397,3.308333,,,,,,,,,,,,,0.492072,10.345835,-0.536630,-520.257996,107.727371,19.000565
398,3.316667,,,,,,,,,,,,,1.151448,10.522729,-0.154238,-524.602600,108.185844,18.126774
399,3.325000,,,,,,,,,,,,,0.956355,10.747884,0.159162,-528.131409,107.821640,19.091307
400,3.333333,,,,,,,,,,,,,1.049059,10.941129,0.456075,-532.097290,108.067162,19.979187
401,3.341667,,,,,,,,,,,,,1.269553,10.720384,0.105997,-536.027588,108.545952,20.274582
402,3.350000,,,,,,,,,,,,,0.678512,10.237008,-0.144942,-539.863464,108.221199,21.542492
403,3.358333,,,,,,,,,,,,,1.114661,10.778228,-0.135676,-543.332153,108.865967,21.571630
404,3.366667,,,,,,,,,,,,,0.098139,10.516169,0.332099,-547.008911,107.915619,23.163111
405,3.375000,,,,,,,,,,,,,0.310537,10.521749,0.091427,-550.598083,107.995598,23.212061
406,3.383333,,,,,,,,,,,,,1.108141,10.970539,0.090378,-554.354309,108.863579,23.478302
407,3.391667,,,,,,,,,,,,,1.083509,10.958757,0.335901,-558.168762,108.732231,24.012384
408,3.400000,,,,,,,,,,,,,0.749279,11.461047,0.621722,-561.308289,108.708359,25.108973
409,3.408333,,,,,,,,,,,,,1.020305,11.216270,0.380157,-565.590637,108.724144,25.456865
410,3.416667,,,,,,,,,,,,,0.590952,10.528017,-0.272889,-568.939880,107.732262,26.786867
411,3.425000,,,,,,,,,,,,,1.095067,11.294600,0.148975,-572.447327,108.893158,26.606577
412,3.433333,,,,,,,,,,,,,1.113160,10.558315,-0.597173,-576.108032,107.863907,28.460068
413,3.441667,,,,,,,,,,,,,1.055016,10.813432,-0.658172,-579.707458,108.080048,29.200369
414,3.450000,,,,,,,,,,,,,0.672067,10.902274,-0.273073,-583.455383,107.788124,29.572783
415,3.458333,,,,,,,,,,,,,0.366873,11.011217,-0.106801,-587.045959,108.086075,29.841236
416,3.466667,,,,,,,,,,,,,0.966666,11.714705,0.168398,-590.469604,109.022018,30.130709
417,3.475000,,,,,,,,,,,,,1.524103,11.400058,-0.347605,-594.071960,108.548431,31.359438
418,3.483333,,,,,,,,,,,,,0.334139,11.207955,-0.135264,-597.942322,108.284470,31.997707
419,3.491667,,,,,,,,,,,,,0.507526,11.125765,-0.336124,-601.462036,108.038383,33.023914
420,3.500000,,,,,,,,,,,,,0.341888,11.646178,-0.427115,-604.522827,109.314430,33.170715
421,3.508333,,,,,,,,,,,,,0.696065,11.364455,-0.251014,-608.667053,108.196426,34.559986
422,3.516667,,,,,,,,,,,,,1.021860,12.042951,0.202285,-612.034973,109.149384,34.285854
423,3.525000,,,,,,,,,,,,,0.729248,11.539970,-0.463123,-615.754700,108.077805,36.207081
424,3.533333,,,,,,,,,,,,,0.110888,11.689259,-0.007084,-619.358765,108.946121,36.128338
425,3.541667,,,,,,,,,,,,,0.756041,11.676835,-0.341488,-622.827026,108.664024,37.133060
426,3.550000,,,,,,,,,,,,,0.409940,11.678089,-0.032584,-626.513550,108.725403,37.587006
427,3.558333,,,,,,,,,,,,,0.511845,11.820952,-0.422562,-629.937683,108.515343,38.916546
428,3.566667,,,,,,,,,,,,,0.693048,11.817477,-0.355191,-633.699585,108.254601,39.779530
429,3.575000,,,,,,,,,,,,,0.866842,12.345669,0.261652,-637.129211,109.632622,39.255440
430,3.583333,,,,,,,,,,,,,0.173771,12.197799,0.039059,-640.895264,109.208481,40.826172
431,3.591667,,,,,,,,,,,,,0.224882,12.270830,0.264911,-644.332153,109.030266,41.427193
432,3.600000,,,,,,,,,,,,,0.759104,12.095188,-0.274490,-647.862061,108.412628,42.826824
433,3.608333,,,,,,,,,,,,,0.151566,12.499079,0.063695,-651.218201,109.492821,42.590576
434,3.616667,,,,,,,,,,,,,0.219321,12.595463,-0.202496,-654.713318,109.824997,43.453556
435,3.625000,,,,,,,,,,,,,0.143206,12.636222,0.204312,-658.718933,109.165855,44.408802
436,3.633333,,,,,,,,,,,,,0.871534,12.340501,-0.252998,-662.062500,108.146339,46.050266
437,3.641667,,,,,,,,,,,,,0.211687,12.880859,0.183900,-665.822632,109.167183,46.037331
438,3.650000,,,,,,,,,,,,,0.819650,13.245499,0.715350,-669.273193,109.694229,46.277275
439,3.658333,,,,,,,,,,,,,0.070062,12.984125,0.324615,-672.833923,109.165878,47.518841
440,3.666667,,,,,,,,,,,,,-0.078766,13.183824,0.219285,-676.174316,109.484398,48.152367
441,3.675000,,,,,,,,,,,,,-0.024756,13.191470,0.155770,-679.933167,109.136200,49.123493
442,3.683333,,,,,,,,,,,,,0.768038,13.631724,0.596756,-683.323547,109.741180,49.398663
443,3.691667,,,,,,,,,,,,,0.150874,13.553614,0.151002,-686.865112,109.277061,50.701824
444,3.700000,,,,,,,,,,,,,0.331975,13.463161,0.188569,-690.207642,109.398766,51.315136
445,3.708333,,,,,,,,,,,,,0.134566,13.515438,0.332138,-693.817932,109.191635,52.383717
446,3.716667,,,,,,,,,,,,,-0.015357,13.572329,0.236536,-697.236145,109.080696,53.160313
447,3.725000,,,,,,,,,,,,,0.018727,13.506668,0.166533,-700.613098,109.242050,53.931252
448,3.733333,,,,,,,,,,,,,0.183756,13.792134,0.199308,-704.039673,108.992386,54.669292
449,3.741667,,,,,,,,,,,,,-0.001072,13.728401,0.176473,-707.408142,109.050926,55.435810
450,3.750000,,,,,,,,,,,,,0.007041,13.991660,0.054751,-710.797546,109.183784,56.252041
451,3.758333,,,,,,,,,,,,,-0.090954,13.833219,0.050281,-714.160095,109.164200,57.081619
452,3.766667,,,,,,,,,,,,,0.020693,14.110662,-0.065082,-717.550049,109.454872,57.913296
453,3.775000,,,,,,,,,,,,,-0.129049,14.006098,-0.009929,-720.901917,109.298439,58.750900
454,3.783333,,,,,,,,,,,,,0.016444,14.288573,0.020993,-724.229675,109.214043,59.438145
455,3.791667,,,,,,,,,,,,,0.073137,14.264639,0.022905,-727.594299,109.175209,60.464592
456,3.800000,,,,,,,,,,,,,0.050983,14.414930,-0.091402,-731.018921,109.329353,61.222137
457,3.808333,,,,,,,,,,,,,-0.096482,14.295485,-0.015666,-734.387695,109.184143,62.104469
458,3.816667,,,,,,,,,,,,,0.719269,14.831317,0.025659,-737.656372,110.090942,62.536152
459,3.825000,,,,,,,,,,,,,-0.056694,14.467232,-0.061586,-741.124695,109.471695,63.820152
460,3.833333,,,,,,,,,,,,,0.078597,14.775204,-0.051215,-744.385315,109.393166,64.485840
461,3.841667,,,,,,,,,,,,,-0.405580,14.985326,-0.143122,-747.562195,109.257217,65.329987
462,3.850000,,,,,,,,,,,,,-0.100891,14.877556,-0.238256,-751.120605,109.322075,66.312431
463,3.858333,,,,,,,,,,,,,-0.093567,14.554554,-0.275226,-754.859009,108.766014,67.390732
464,3.866667,,,,,,,,,,,,,-0.308258,14.917436,-0.054164,-757.834961,109.470291,67.904892
465,3.875000,,,,,,,,,,,,,-0.073867,15.199839,-0.093972,-761.296631,109.071411,68.694855
466,3.883333,,,,,,,,,,,,,-0.043732,15.297264,0.031133,-764.467041,109.478355,69.594803
467,3.891667,,,,,,,,,,,,,-0.446786,15.674185,-0.005406,-767.578430,109.499367,70.343018
468,3.900000,,,,,,,,,,,,,0.494328,15.176105,-0.580244,-770.888916,108.609360,72.206871
469,3.908333,,,,,,,,,,,,,-0.129214,15.667912,0.034594,-774.282166,109.529045,72.231743
470,3.916667,,,,,,,,,,,,,-0.201602,15.548458,-0.027530,-777.469543,109.689865,73.168182
471,3.925000,,,,,,,,,,,,,0.016416,15.860982,-0.007233,-780.630127,109.701454,73.972549
472,3.933333,,,,,,,,,,,,,-0.213052,15.665854,-0.004019,-783.980713,109.248276,74.900002
473,3.941667,,,,,,,,,,,,,0.646674,16.260784,0.122192,-786.940552,110.405075,75.340973
474,3.950000,,,,,,,,,,,,,-0.140023,15.897840,-0.035061,-790.148987,109.695175,76.714745
475,3.958333,,,,,,,,,,,,,-0.140786,16.110611,0.029684,-793.355591,109.592697,77.537537
476,3.966667,,,,,,,,,,,,,-0.020551,16.218885,-0.057035,-796.471191,109.510681,78.367180
477,3.975000,,,,,,,,,,,,,-0.060139,16.419899,0.002783,-799.599548,109.735123,79.342880
478,3.983333,,,,,,,,,,,,,-0.133155,16.420475,-0.185817,-802.839294,109.431023,80.276672
479,3.991667,,,,,,,,,,,,,-0.175183,16.451548,-0.042220,-805.821777,109.835800,81.186096
480,4.000000,,,,,,,,,,,,,-0.100156,16.572220,-0.000159,-808.972229,109.365311,81.973953
481,4.008333,,,,,,,,,,,,,0.004760,16.717155,0.029100,-811.874695,109.829842,82.965096
482,4.016667,,,,,,,,,,,,,-0.083855,16.740335,-0.042264,-815.143555,109.465378,83.928642
483,4.025000,,,,,,,,,,,,,-0.116067,16.833689,0.087578,-818.067871,109.938744,84.772247
484,4.033333,,,,,,,,,,,,,0.556474,16.767002,-0.568973,-821.538513,109.359550,86.149216
485,4.041667,,,,,,,,,,,,,0.511349,16.565065,-0.374490,-824.333252,109.315102,87.388351
486,4.050000,,,,,,,,,,,,,-0.106486,17.196199,-0.155428,-827.249451,110.237473,87.515305
487,4.058333,,,,,,,,,,,,,-0.156379,16.828478,0.049314,-830.546387,109.798462,88.756447
488,4.066667,,,,,,,,,,,,,0.173422,17.231899,-0.513226,-833.703369,109.420898,89.419785
489,4.075000,,,,,,,,,,,,,0.585083,17.075451,-0.542890,-836.388000,109.865982,91.159531
490,4.083333,,,,,,,,,,,,,0.104013,17.670973,-0.010699,-839.285400,110.297417,91.293648
491,4.091667,,,,,,,,,,,,,0.589154,17.231045,-0.335566,-842.383667,109.445976,93.055748
492,4.100000,,,,,,,,,,,,,0.154184,17.477026,-0.324925,-845.720642,109.456604,93.379738
493,4.108333,,,,,,,,,,,,,-0.039475,17.658533,0.010264,-848.226746,110.309792,94.323753
494,4.116667,,,,,,,,,,,,,-0.136583,17.653496,0.073243,-851.361023,109.957603,95.183960
495,4.125000,,,,,,,,,,,,,0.156620,18.053139,0.136738,-854.151001,110.546288,96.082054
496,4.133333,,,,,,,,,,,,,-0.071063,17.812475,0.147192,-857.281128,110.002464,97.022568
497,4.141667,,,,,,,,,,,,,0.299568,18.252031,0.210196,-860.329956,110.505157,97.789993
498,4.150000,,,,,,,,,,,,,0.064675,18.108889,0.221801,-863.020752,110.453552,98.791565
499,4.158333,,,,,,,,,,,,,0.861311,18.365833,0.135078,-865.865845,110.473732,99.938362
500,4.166667,,,,,,,,,,,,,0.878202,18.104509,-0.414199,-869.083923,109.914001,101.158279
501,4.175000,,,,,,,,,,,,,0.228606,18.461061,0.299259,-871.823608,110.449768,101.433464
502,4.183333,,,,,,,,,,,,,0.108754,18.326521,0.012023,-874.778748,110.527672,102.675797
503,4.191667,,,,,,,,,,,,,0.092010,18.357937,0.141296,-877.322571,110.760223,103.541245
504,4.200000,,,,,,,,,,,,,-0.000263,18.449306,-0.074471,-880.224487,110.237846,104.498344
505,4.208333,,,,,,,,,,,,,-0.112242,18.421953,0.012892,-883.050781,110.357025,105.395233
506,4.216667,,,,,,,,,,,,,0.357918,18.783798,0.089636,-886.019958,110.847870,106.118935
507,4.225000,,,,,,,,,,,,,0.875371,18.632355,-0.372349,-889.039429,110.453857,107.242958
508,4.233333,,,,,,,,,,,,,0.157731,18.697220,0.057276,-891.417175,110.678879,107.994431
509,4.241667,,,,,,,,,,,,,0.286358,18.996086,-0.121967,-894.261230,111.036522,108.787132
510,4.250000,,,,,,,,,,,,,-0.058965,18.691778,0.016110,-897.250854,110.515640,109.905533
511,4.258333,,,,,,,,,,,,,0.712904,19.100246,-0.067080,-899.818848,111.541687,110.486061
512,4.266667,,,,,,,,,,,,,0.356060,19.048780,0.021430,-902.671875,111.002960,111.657761
513,4.275000,,,,,,,,,,,,,0.355992,19.094200,0.091182,-905.546021,110.966225,112.583817
514,4.283333,,,,,,,,,,,,,0.395811,19.204174,-0.006868,-908.424561,111.096535,113.625961
515,4.291667,,,,,,,,,,,,,-0.053285,18.682837,-0.254891,-911.618835,110.065300,115.144730
516,4.300000,,,,,,,,,,,,,0.228458,19.412542,-0.014743,-914.249695,110.562859,115.414536
517,4.308333,,,,,,,,,,,,,0.306957,19.450743,0.152630,-916.916138,111.030487,116.422707
518,4.316667,,,,,,,,,,,,,0.242051,19.580479,0.106033,-919.812012,110.960480,117.372459
519,4.325000,,,,,,,,,,,,,-0.144579,19.351128,0.194835,-922.703552,110.500496,118.580704
520,4.333333,,,,,,,,,,,,,0.115108,19.617411,0.150799,-925.396790,110.793877,119.464699
521,4.341667,,,,,,,,,,,,,0.154720,20.071676,0.232660,-928.558228,110.429565,119.909172
522,4.350000,,,,,,,,,,,,,0.254824,20.178547,0.116283,-931.591980,110.661499,120.999779
523,4.358333,,,,,,,,,,,,,0.116521,19.749041,0.514691,-933.939026,110.680405,122.228439
524,4.366667,,,,,,,,,,,,,-0.003084,19.858707,0.240704,-936.574829,111.606125,123.252701
525,4.375000,,,,,,,,,,,,,0.208595,19.930109,0.404056,-939.460999,110.628639,124.047195
526,4.383333,,,,,,,,,,,,,0.164292,19.932568,0.432548,-941.941772,111.099808,124.974030
527,4.391667,,,,,,,,,,,,,0.031228,19.748549,0.480811,-944.682861,110.574348,126.049919
528,4.400000,,,,,,,,,,,,,0.094727,19.984879,0.300894,-947.061462,110.923820,127.002251
529,4.408333,,,,,,,,,,,,,0.182803,20.086061,0.399890,-949.890808,110.748421,127.721817
530,4.416667,,,,,,,,,,,,,0.255466,20.184320,0.257193,-952.467529,110.744102,128.707794
531,4.425000,,,,,,,,,,,,,0.079460,20.172203,0.401530,-955.027344,110.789330,129.525360
532,4.433333,,,,,,,,,,,,,0.106715,20.303865,0.213264,-957.557922,110.672577,130.297943
533,4.441667,,,,,,,,,,,,,0.131459,20.557348,0.134264,-960.339783,110.604485,130.914230
534,4.450000,,,,,,,,,,,,,0.063037,20.259626,0.238287,-962.589844,110.922440,132.201828
535,4.458333,,,,,,,,,,,,,-0.129801,20.420889,-0.066673,-964.973938,111.555489,133.108887
536,4.466667,,,,,,,,,,,,,0.116437,20.395267,0.248877,-967.605774,110.763351,133.882843
537,4.475000,,,,,,,,,,,,,-0.139923,20.321779,0.027401,-970.221802,110.781708,135.124054
538,4.483333,,,,,,,,,,,,,-0.063107,20.316957,-0.047003,-972.895386,110.772377,136.047958
539,4.491667,,,,,,,,,,,,,-0.045598,20.856245,0.079100,-975.464722,110.898499,136.374634
540,4.500000,,,,,,,,,,,,,0.057380,20.659218,0.050432,-977.868225,111.051811,137.607590
541,4.508333,,,,,,,,,,,,,0.047036,20.699810,0.140569,-980.389526,110.887321,138.467911
542,4.516667,,,,,,,,,,,,,0.126069,20.886106,0.062791,-982.910706,110.941620,139.404022
543,4.525000,,,,,,,,,,,,,-0.043322,21.141548,-0.070553,-985.575317,110.937538,140.105988
544,4.533333,,,,,,,,,,,,,-0.022987,21.151087,0.020645,-988.175537,110.540901,140.912994
545,4.541667,,,,,,,,,,,,,0.087316,20.952955,-0.052652,-990.282898,111.450363,142.287140
546,4.550000,,,,,,,,,,,,,-0.086584,21.241005,0.009736,-993.109802,110.553932,142.880920
547,4.558333,,,,,,,,,,,,,0.013835,21.362637,0.023236,-995.715027,110.693375,143.949081
548,4.566667,,,,,,,,,,,,,0.059022,21.514194,-0.061868,-998.231750,110.847305,144.872116
549,4.575000,,,,,,,,,,,,,-0.419686,21.536339,-0.015016,-1000.626343,111.231331,145.843689
550,4.583333,,,,,,,,,,,,,-0.085532,21.435797,-0.107325,-1002.985229,110.636139,147.117767
551,4.591667,,,,,,,,,,,,,-0.164425,21.764820,-0.120787,-1005.271179,110.791885,147.757004
552,4.600000,,,,,,,,,,,,,-0.255277,21.655029,-0.223914,-1007.670288,111.318359,148.606049
553,4.608333,,,,,,,,,,,,,0.547047,21.733023,-0.835300,-1010.413635,110.271637,149.553070
554,4.616667,,,,,,,,,,,,,-0.311735,21.329479,-0.240801,-1012.282043,110.724419,150.913605
555,4.625000,,,,,,,,,,,,,-0.148039,21.914454,-0.203685,-1014.785522,110.888260,151.462784
556,4.633333,,,,,,,,,,,,,0.789400,21.930792,-1.013256,-1017.389282,110.259590,152.459412
557,4.641667,,,,,,,,,,,,,0.017513,22.230547,-0.391318,-1019.662170,111.093681,153.407547
558,4.650000,,,,,,,,,,,,,-0.518476,21.852495,-0.272167,-1021.398438,111.225822,154.546417
559,4.658333,,,,,,,,,,,,,0.768948,22.028524,-1.030381,-1024.440796,110.394615,155.272018
560,4.666667,,,,,,,,,,,,,-0.077052,22.175257,-0.297575,-1026.594971,111.021751,156.156570
561,4.675000,,,,,,,,,,,,,-0.359591,22.265493,-0.307648,-1028.786865,111.340561,156.901260
562,4.683333,,,,,,,,,,,,,0.491759,22.210762,-0.801208,-1031.726196,110.438377,157.850296
563,4.691667,,,,,,,,,,,,,-0.004415,22.306255,-0.186570,-1033.640869,111.307289,158.760925
564,4.700000,,,,,,,,,,,,,-0.214863,22.339991,-0.388102,-1036.319458,111.290863,159.871735
565,4.708333,,,,,,,,,,,,,0.554517,22.392632,-0.576810,-1038.691895,110.660004,160.722366
566,4.716667,,,,,,,,,,,,,0.122441,22.573597,-0.120409,-1040.584839,111.166771,161.606064
567,4.725000,,,,,,,,,,,,,-0.125246,22.499714,-0.468271,-1042.671387,111.790070,162.664459
568,4.733333,,,,,,,,,,,,,0.187675,22.670031,-0.182264,-1044.810059,111.121811,163.296616
569,4.741667,,,,,,,,,,,,,0.231110,22.781059,-0.292101,-1046.741455,111.820747,164.286926
570,4.750000,,,,,,,,,,,,,0.059747,22.518576,-0.064879,-1048.604248,111.260330,164.903870
571,4.758333,,,,,,,,,,,,,0.147173,22.558064,-0.212334,-1050.333984,111.872658,165.707703
572,4.766667,,,,,,,,,,,,,0.590303,22.442965,-0.494844,-1052.207764,110.945251,166.326096
573,4.775000,,,,,,,,,,,,,0.152292,22.628683,-0.296531,-1053.441162,111.461349,166.872040
574,4.783333,,,,,,,,,,,,,0.040572,22.579088,-0.111782,-1054.707764,111.289085,167.329147
575,4.791667,,,,,,,,,,,,,-0.095801,22.657465,-0.439622,-1056.373413,111.565514,168.008698
576,4.800000,,,,,,,,,,,,,0.190111,22.694475,-0.319761,-1057.486816,111.230301,168.353653
577,4.808333,,,,,,,,,,,,,0.144728,22.664293,-0.162655,-1058.713013,111.314377,168.869125
578,4.816667,,,,,,,,,,,,,0.507594,22.677473,-0.846486,-1060.282593,110.971153,169.433670
579,4.825000,,,,,,,,,,,,,0.084055,22.732847,-0.318406,-1061.208984,111.476723,169.909134
580,4.833333,,,,,,,,,,,,,0.072197,22.782412,-0.124606,-1062.425171,111.425293,170.384979
581,4.841667,,,,,,,,,,,,,0.122393,22.792015,-0.231013,-1063.371094,111.452744,170.666611
582,4.850000,,,,,,,,,,,,,0.123161,22.755711,-0.215954,-1064.615234,111.550323,171.394836
583,4.858333,,,,,,,,,,,,,0.354757,22.859905,-0.227668,-1065.724365,111.591286,171.869507
584,4.866667,,,,,,,,,,,,,0.395869,22.680326,-0.881283,-1066.946167,111.357788,172.413055
585,4.875000,,,,,,,,,,,,,0.238638,22.840992,-0.313387,-1067.332520,111.616943,172.608459
586,4.883333,,,,,,,,,,,,,0.069946,22.783165,-0.193858,-1067.977173,111.416840,172.801834
587,4.891667,,,,,,,,,,,,,0.110080,22.850800,-0.156274,-1068.737061,111.478142,173.092422
588,4.900000,,,,,,,,,,,,,0.086746,22.875317,-0.190676,-1069.345703,111.440552,173.298843
589,4.908333,,,,,,,,,,,,,-0.096237,22.798296,-0.401290,-1070.168213,111.699646,173.688675
590,4.916667,,,,,,,,,,,,,0.097662,22.846195,-0.308929,-1070.630737,111.631035,173.891220
591,4.925000,,,,,,,,,,,,,0.115618,22.787691,-0.286785,-1071.132690,111.569611,174.066971
592,4.933333,,,,,,,,,,,,,0.196621,22.794880,-0.222490,-1071.564453,111.468681,174.196091
593,4.941667,,,,,,,,,,,,,0.342020,22.945549,-0.312621,-1072.173584,111.636223,174.510269
594,4.950000,,,,,,,,,,,,,0.295767,22.966476,-0.264755,-1072.491211,111.590469,174.641617
595,4.958333,,,,,,,,,,,,,-0.069766,22.887764,-0.409309,-1072.934937,111.931068,174.940735
596,4.966667,,,,,,,,,,,,,-0.080542,22.927794,-0.420123,-1073.148804,111.918449,175.014587
597,4.975000,,,,,,,,,,,,,-0.095959,22.970119,-0.464295,-1073.317505,111.858688,175.043701
598,4.983333,,,,,,,,,,,,,-0.139505,23.015812,-0.476704,-1073.453369,111.832565,175.052017
599,4.991667,,,,,,,,,,,,,-0.132658,23.025839,-0.473580,-1073.544800,111.820969,175.087433
600,5.000000,,,,,,,,,,,,,0.469023,22.950325,-0.772810,-1073.781860,111.149101,175.030518
601,5.008333,,,,,,,,,,,,,0.276924,22.877037,-0.906725,-1073.887573,111.433022,175.169769
602,5.016667,,,,,,,,,,,,,-0.110918,22.992205,-0.473148,-1073.507202,111.865204,175.128952
603,5.025000,,,,,,,,,,,,,-0.111557,22.990503,-0.494421,-1073.447266,111.818497,175.098495
604,5.033333,,,,,,,,,,,,,-0.131820,22.997625,-0.534286,-1073.397095,111.790848,175.055511
605,5.041667,,,,,,,,,,,,,-0.144147,23.003044,-0.554910,-1073.338257,111.761681,174.999252
606,5.050000,,,,,,,,,,,,,-0.125611,22.997919,-0.599324,-1073.289673,111.779556,174.961594
607,5.058333,,,,,,,,,,,,,-0.101814,22.988728,-0.619990,-1073.247070,111.877487,174.983810
608,5.066667,,,,,,,,,,,,,-0.088388,22.985107,-0.662486,-1073.177979,111.901268,174.979797
609,5.075000,,,,,,,,,,,,,-0.072930,22.991905,-0.690376,-1073.112427,111.880981,174.971985
610,5.083333,,,,,,,,,,,,,-0.075520,22.998062,-0.717154,-1073.058105,111.848381,174.961823
611,5.091667,,,,,,,,,,,,,-0.081405,23.002281,-0.744352,-1073.016235,111.844742,174.932388
612,5.100000,,,,,,,,,,,,,-0.077053,22.997492,-0.772233,-1072.992432,111.874977,174.904190
613,5.108333,,,,,,,,,,,,,-0.079199,22.996044,-0.806315,-1072.952026,111.902489,174.876831
614,5.116667,,,,,,,,,,,,,-0.074596,22.996220,-0.819649,-1072.938110,111.930000,174.876740
615,5.125000,,,,,,,,,,,,,-0.067208,22.996485,-0.815940,-1072.925903,111.910210,174.877701
616,5.133333,,,,,,,,,,,,,-0.072965,22.996338,-0.807262,-1072.929565,111.903717,174.897537
617,5.141667,,,,,,,,,,,,,-0.071893,23.002115,-0.782749,-1072.954956,111.865021,174.912369
618,5.150000,,,,,,,,,,,,,-0.081701,22.994171,-0.769808,-1072.996338,111.854057,174.917374
619,5.158333,,,,,,,,,,,,,-0.088324,22.994661,-0.748097,-1073.025635,111.856827,174.916351
620,5.166667,,,,,,,,,,,,,-0.095087,22.994936,-0.736267,-1073.055298,111.878174,174.920654
621,5.175000,,,,,,,,,,,,,-0.086061,23.000103,-0.729075,-1073.079590,111.876381,174.934814
622,5.183333,,,,,,,,,,,,,-0.080800,22.996367,-0.705114,-1073.087402,111.857742,174.941010
623,5.191667,,,,,,,,,,,,,-0.083503,22.992311,-0.698540,-1073.111816,111.854851,174.962738
624,5.200000,,,,,,,,,,,,,-0.083941,22.992100,-0.684039,-1073.116333,111.841843,174.972092
625,5.208333,,,,,,,,,,,,,-0.082335,22.997644,-0.675151,-1073.132568,111.840378,174.968491
626,5.216667,,,,,,,,,,,,,-0.098966,22.993080,-0.667714,-1073.149292,111.869179,174.974442
627,5.225000,,,,,,,,,,,,,-0.090186,22.995409,-0.677575,-1073.162354,111.862709,174.969376
628,5.233333,,,,,,,,,,,,,-0.091278,22.997839,-0.668170,-1073.164795,111.854233,174.970383
629,5.241667,,,,,,,,,,,,,-0.095593,22.993925,-0.665561,-1073.169556,111.863258,174.985184
630,5.250000,,,,,,,,,,,,,-0.093165,22.994196,-0.668691,-1073.162720,111.844223,174.984924
631,5.258333,,,,,,,,,,,,,-0.090767,22.992083,-0.665671,-1073.157593,111.854576,174.987701
632,5.266667,,,,,,,,,,,,,-0.090386,22.989737,-0.662761,-1073.149048,111.846947,174.981064
633,5.275000,,,,,,,,,,,,,-0.093341,22.990843,-0.675646,-1073.155151,111.869408,174.976791
634,5.283333,,,,,,,,,,,,,-0.098700,22.994833,-0.670559,-1073.146362,111.853844,174.971268
635,5.291667,,,,,,,,,,,,,-0.089914,22.992952,-0.673657,-1073.146729,111.839157,174.964706
636,5.300000,,,,,,,,,,,,,-0.085719,22.991669,-0.673610,-1073.136108,111.836479,174.968582
637,5.308333,,,,,,,,,,,,,-0.089812,22.995262,-0.680973,-1073.132813,111.859245,174.972137
638,5.316667,,,,,,,,,,,,,-0.092180,22.999971,-0.688051,-1073.123047,111.859406,174.963806
639,5.325000,,,,,,,,,,,,,-0.092393,22.993404,-0.686937,-1073.113770,111.863327,174.965317
640,5.333333,,,,,,,,,,,,,-0.093527,22.998312,-0.679897,-1073.101929,111.838989,174.955841
641,5.341667,,,,,,,,,,,,,-0.087850,22.991802,-0.691121,-1073.107422,111.828896,174.946289
642,5.350000,,,,,,,,,,,,,-0.100640,22.995499,-0.689137,-1073.107056,111.849937,174.951324
643,5.358333,,,,,,,,,,,,,-0.102777,22.995947,-0.693496,-1073.083008,111.843254,174.941116
644,5.366667,,,,,,,,,,,,,-0.093406,22.995430,-0.701310,-1073.079956,111.844223,174.941910
645,5.375000,,,,,,,,,,,,,-0.094926,22.995388,-0.698610,-1073.066895,111.843147,174.937653
646,5.383333,,,,,,,,,,,,,-0.090251,22.996273,-0.712149,-1073.069458,111.856010,174.950912
647,5.391667,,,,,,,,,,,,,-0.098564,22.991510,-0.713449,-1073.071167,111.854050,174.938431
648,5.400000,,,,,,,,,,,,,-0.089528,22.994024,-0.725193,-1073.063354,111.840080,174.930099
649,5.408333,,,,,,,,,,,,,-0.092817,22.992540,-0.729569,-1073.064819,111.847130,174.927444
650,5.416667,,,,,,,,,,,,,-0.095977,22.999100,-0.728886,-1073.043701,111.859856,174.923523
651,5.425000,,,,,,,,,,,,,-0.089746,22.996157,-0.730053,-1073.038818,111.838089,174.919403
652,5.433333,,,,,,,,,,,,,-0.086000,22.996710,-0.729115,-1073.034790,111.835007,174.927078
653,5.441667,,,,,,,,,,,,,-0.083369,22.993483,-0.735560,-1073.029907,111.837204,174.935013
654,5.450000,,,,,,,,,,,,,-0.090937,22.993387,-0.747664,-1073.029663,111.850243,174.924881
655,5.458333,,,,,,,,,,,,,-0.092041,22.997175,-0.741402,-1073.018188,111.848175,174.916260
656,5.466667,,,,,,,,,,,,,-0.089980,22.994024,-0.741276,-1073.013428,111.845329,174.910034
657,5.475000,,,,,,,,,,,,,-0.086747,22.996540,-0.742583,-1073.014893,111.836075,174.914139
658,5.483333,,,,,,,,,,,,,-0.081591,22.995628,-0.750784,-1073.005981,111.832504,174.909607
659,5.491667,,,,,,,,,,,,,-0.084892,22.995884,-0.748449,-1073.002930,111.837341,174.908310
660,5.500000,,,,,,,,,,,,,-0.081406,22.992144,-0.747349,-1073.003540,111.827240,174.904755
661,5.508333,,,,,,,,,,,,,-0.088359,22.996206,-0.751529,-1073.004395,111.842964,174.906921
662,5.516667,,,,,,,,,,,,,-0.091272,23.000755,-0.747086,-1072.997681,111.837944,174.902847
663,5.525000,,,,,,,,,,,,,-0.088942,22.998516,-0.742024,-1073.001831,111.826424,174.904678
664,5.533333,,,,,,,,,,,,,-0.091564,22.994925,-0.745489,-1072.992920,111.823051,174.903931
665,5.541667,,,,,,,,,,,,,-0.084116,22.992687,-0.757029,-1073.005249,111.835075,174.908112
666,5.550000,,,,,,,,,,,,,-0.085798,22.991215,-0.760723,-1073.001831,111.845627,174.910507
667,5.558333,,,,,,,,,,,,,-0.086635,22.993048,-0.752076,-1073.002075,111.840561,174.903809
668,5.566667,,,,,,,,,,,,,-0.083770,22.994642,-0.756187,-1072.996460,111.832397,174.898895
669,5.575000,,,,,,,,,,,,,-0.092683,22.996542,-0.749301,-1073.001709,111.844826,174.906738
670,5.583333,,,,,,,,,,,,,-0.086152,22.992390,-0.756076,-1073.000000,111.831017,174.903870
671,5.591667,,,,,,,,,,,,,-0.090887,22.988974,-0.752487,-1073.005737,111.841217,174.902481
672,5.600000,,,,,,,,,,,,,-0.093046,22.994377,-0.754658,-1072.996338,111.830040,174.904602
673,5.608333,,,,,,,,,,,,,-0.091730,22.992952,-0.749915,-1072.999634,111.836174,174.901825
674,5.616667,,,,,,,,,,,,,-0.090988,22.995281,-0.750168,-1072.997925,111.840210,174.901031
675,5.625000,,,,,,,,,,,,,-0.085512,22.998083,-0.749990,-1072.995850,111.835442,174.911285
676,5.633333,,,,,,,,,,,,,-0.094401,22.995285,-0.752362,-1072.999756,111.841309,174.902100
677,5.641667,,,,,,,,,,,,,-0.085917,22.994059,-0.744002,-1072.996826,111.826180,174.908585
678,5.650000,,,,,,,,,,,,,-0.095688,22.991112,-0.752937,-1073.002563,111.844154,174.910690
679,5.658333,,,,,,,,,,,,,-0.095708,22.996708,-0.757460,-1072.996948,111.851357,174.910492
680,5.666667,,,,,,,,,,,,,-0.091552,22.997160,-0.741562,-1072.994263,111.832428,174.902405
681,5.675000,,,,,,,,,,,,,-0.088818,22.998363,-0.750968,-1072.997559,111.842056,174.910980
682,5.683333,,,,,,,,,,,,,-0.090318,22.994928,-0.744722,-1072.993408,111.824776,174.903046
683,5.691667,,,,,,,,,,,,,-0.090047,22.994921,-0.754967,-1073.006592,111.840103,174.908249
684,5.700000,,,,,,,,,,,,,-0.092114,22.996843,-0.751108,-1073.000366,111.835983,174.907364
685,5.708333,,,,,,,,,,,,,-0.085182,22.995655,-0.741858,-1073.001465,111.836555,174.910416
686,5.716667,,,,,,,,,,,,,-0.081672,22.995611,-0.745925,-1073.010498,111.854759,174.919815
687,5.725000,,,,,,,,,,,,,-0.086918,22.995129,-0.745223,-1073.003418,111.844566,174.915192
688,5.733333,,,,,,,,,,,,,-0.087777,23.002575,-0.744414,-1073.000854,111.838501,174.916367
689,5.741667,,,,,,,,,,,,,-0.079761,22.996115,-0.754328,-1073.020264,111.852333,174.925293
690,5.750000,,,,,,,,,,,,,-0.088116,22.991346,-0.749704,-1073.017212,111.855766,174.923401
691,5.758333,,,,,,,,,,,,,-0.086085,22.998268,-0.749873,-1073.015747,111.854050,174.919479
692,5.766667,,,,,,,,,,,,,-0.070325,22.998213,-0.748676,-1073.016968,111.841927,174.925293
693,5.775000,,,,,,,,,,,,,-0.085463,22.996943,-0.746504,-1073.019653,111.849121,174.920914
694,5.783333,,,,,,,,,,,,,-0.078533,22.998016,-0.756424,-1073.017334,111.849480,174.928604
695,5.791667,,,,,,,,,,,,,-0.087576,22.994385,-0.747991,-1073.020142,111.855881,174.929550
696,5.800000,,,,,,,,,,,,,-0.076233,22.995085,-0.750846,-1073.011719,111.847374,174.918884
697,5.808333,,,,,,,,,,,,,-0.082633,22.996038,-0.749345,-1073.017456,111.856300,174.918762
698,5.816667,,,,,,,,,,,,,-0.081779,22.997530,-0.747047,-1073.017456,111.848320,174.921127
699,5.825000,,,,,,,,,,,,,-0.072344,22.994534,-0.755316,-1073.019775,111.846764,174.925705
700,5.833333,,,,,,,,,,,,,-0.071884,22.995806,-0.753235,-1073.016968,111.842827,174.918777
701,5.841667,,,,,,,,,,,,,-0.082824,22.996786,-0.751731,-1073.020508,111.846031,174.928467
702,5.850000,,,,,,,,,,,,,-0.084676,22.996346,-0.759079,-1073.016235,111.852020,174.915176
703,5.858333,,,,,,,,,,,,,-0.079046,22.993704,-0.749486,-1073.015503,111.848671,174.919250
704,5.866667,,,,,,,,,,,,,-0.081198,22.996567,-0.754706,-1073.021362,111.852501,174.925171
705,5.875000,,,,,,,,,,,,,-0.085039,22.994896,-0.746979,-1073.008545,111.843224,174.916046
706,5.883333,,,,,,,,,,,,,-0.084029,22.995270,-0.753953,-1073.011230,111.857826,174.920868
707,5.891667,,,,,,,,,,,,,-0.081281,22.995016,-0.749888,-1073.015137,111.847206,174.917496
708,5.900000,,,,,,,,,,,,,-0.085300,22.996761,-0.754676,-1073.010742,111.850960,174.920364
709,5.908333,,,,,,,,,,,,,-0.080504,23.000916,-0.745792,-1073.012451,111.840553,174.914520
710,5.916667,,,,,,,,,,,,,-0.075598,23.002125,-0.752971,-1073.008789,111.834312,174.924225
711,5.925000,,,,,,,,,,,,,-0.088694,22.994957,-0.745984,-1073.003784,111.832970,174.916656
712,5.933333,,,,,,,,,,,,,-0.084383,22.996056,-0.748784,-1073.017456,111.849564,174.917419
713,5.941667,,,,,,,,,,,,,-0.086289,22.991758,-0.748293,-1073.008667,111.842697,174.912018
714,5.950000,,,,,,,,,,,,,-0.086365,22.993124,-0.739123,-1073.002197,111.829460,174.912506
715,5.958333,,,,,,,,,,,,,-0.074932,22.997650,-0.743307,-1073.013550,111.833061,174.917542
716,5.966667,,,,,,,,,,,,,-0.088537,22.993147,-0.741149,-1073.002441,111.839859,174.914856
717,5.975000,,,,,,,,,,,,,-0.081474,22.996408,-0.757440,-1073.007202,111.846901,174.915146
718,5.983333,,,,,,,,,,,,,-0.088753,23.000431,-0.739790,-1073.009644,111.850357,174.914993
719,5.991667,,,,,,,,,,,,,-0.073764,22.996206,-0.743172,-1073.004150,111.823090,174.901962
720,6.000000,,,,,,,,,,,,,-0.082591,22.999109,-0.753332,-1073.000244,111.833397,174.907043
721,6.008333,,,,,,,,,,,,,-0.083466,22.994673,-0.744980,-1073.007080,111.840141,174.913300
722,6.016667,,,,,,,,,,,,,-0.079179,22.997078,-0.748190,-1073.011108,111.830238,174.914185
723,6.025000,,,,,,,,,,,,,-0.088233,22.992634,-0.742667,-1073.010010,111.836845,174.908936
724,6.033333,,,,,,,,,,,,,-0.091652,22.996054,-0.747333,-1073.009155,111.840576,174.912003
725,6.041667,,,,,,,,,,,,,-0.080029,22.996387,-0.748319,-1073.010498,111.834671,174.914307
726,6.050000,,,,,,,,,,,,,-0.080367,22.996468,-0.749577,-1073.004761,111.831696,174.907532
727,6.058333,,,,,,,,,,,,,-0.085559,22.993996,-0.745239,-1073.010620,111.845360,174.915253
728,6.066667,,,,,,,,,,,,,-0.079552,22.994831,-0.748668,-1073.016479,111.836311,174.912766
729,6.075000,,,,,,,,,,,,,-0.077321,22.995882,-0.755927,-1073.010742,111.835678,174.913284
730,6.083333,,,,,,,,,,,,,-0.082988,22.996445,-0.747777,-1073.014038,111.836235,174.915588
731,6.091667,,,,,,,,,,,,,-0.074679,22.996117,-0.744152,-1073.014893,111.825645,174.920227
732,6.100000,,,,,,,,,,,,,-0.098566,22.994114,-0.743156,-1073.016602,111.839928,174.924850
733,6.108333,,,,,,,,,,,,,-0.087485,23.000132,-0.745248,-1073.008179,111.840988,174.923706
734,6.116667,,,,,,,,,,,,,-0.083700,22.996088,-0.750234,-1073.011597,111.846130,174.919128
735,6.125000,,,,,,,,,,,,,-0.074433,22.992720,-0.753940,-1073.008179,111.834343,174.920898
736,6.133333,,,,,,,,,,,,,-0.084396,22.997313,-0.748941,-1073.017456,111.832474,174.913925
737,6.141667,,,,,,,,,,,,,-0.081385,22.990953,-0.749052,-1073.018555,111.837273,174.915710
738,6.150000,,,,,,,,,,,,,-0.074748,22.998270,-0.747820,-1073.023193,111.840553,174.921646
739,6.158333,,,,,,,,,,,,,-0.083479,23.000763,-0.752995,-1073.020996,111.856682,174.921844
740,6.166667,,,,,,,,,,,,,-0.081663,22.997046,-0.748854,-1073.016479,111.848335,174.922256
741,6.175000,,,,,,,,,,,,,-0.079067,22.997484,-0.746570,-1073.020508,111.846138,174.928131
742,6.183333,,,,,,,,,,,,,-0.084642,22.996925,-0.743578,-1073.016479,111.833321,174.918442
743,6.191667,,,,,,,,,,,,,-0.086638,22.994768,-0.751878,-1073.016235,111.845024,174.923859
744,6.200000,,,,,,,,,,,,,-0.073802,22.995413,-0.748582,-1073.016602,111.831635,174.921097
745,6.208333,,,,,,,,,,,,,-0.088524,22.992729,-0.748836,-1073.019409,111.843956,174.917969
746,6.216667,,,,,,,,,,,,,-0.082078,22.991625,-0.744798,-1073.004028,111.821587,174.906570
747,6.225000,,,,,,,,,,,,,-0.075281,23.000835,-0.746724,-1073.013550,111.836128,174.920685
748,6.233333,,,,,,,,,,,,,-0.087520,22.994036,-0.745485,-1073.018433,111.837341,174.918488
749,6.241667,,,,,,,,,,,,,-0.076162,22.998690,-0.754262,-1073.022827,111.838249,174.922684
750,6.250000,,,,,,,,,,,,,-0.085386,22.995825,-0.742459,-1073.015869,111.841759,174.917542
751,6.258333,,,,,,,,,,,,,-0.085369,22.999954,-0.746018,-1073.020996,111.849884,174.918884
752,6.266667,,,,,,,,,,,,,-0.079507,22.994638,-0.741710,-1073.008789,111.836975,174.917267
753,6.275000,,,,,,,,,,,,,-0.080179,22.997478,-0.747519,-1073.017578,111.833694,174.919540
754,6.283333,,,,,,,,,,,,,-0.076255,22.997261,-0.745051,-1073.010742,111.816528,174.911057
755,6.291667,,,,,,,,,,,,,-0.073741,23.001211,-0.742892,-1073.008301,111.824409,174.914398
756,6.300000,,,,,,,,,,,,,-0.085778,22.990206,-0.750565,-1073.020630,111.849144,174.915817
757,6.308333,,,,,,,,,,,,,-0.082243,22.992838,-0.750523,-1073.020874,111.843460,174.918518
758,6.316667,,,,,,,,,,,,,-0.082159,23.000402,-0.756832,-1073.010376,111.838509,174.917969
759,6.325000,,,,,,,,,,,,,-0.086752,22.997398,-0.740783,-1073.013184,111.840919,174.916916
760,6.333333,,,,,,,,,,,,,-0.086562,22.995300,-0.750724,-1073.013428,111.829872,174.910583
761,6.341667,,,,,,,,,,,,,-0.083240,22.997219,-0.740174,-1073.010376,111.831558,174.913391
762,6.350000,,,,,,,,,,,,,-0.079431,22.998482,-0.738250,-1073.005615,111.828140,174.916229
763,6.358333,,,,,,,,,,,,,-0.089720,22.996838,-0.741770,-1073.011353,111.836258,174.916687
764,6.366667,,,,,,,,,,,,,-0.097792,22.991259,-0.746764,-1073.011841,111.832008,174.923691
765,6.375000,,,,,,,,,,,,,-0.074835,22.996113,-0.754328,-1073.012695,111.835243,174.916916
766,6.383333,,,,,,,,,,,,,-0.076732,22.998993,-0.743326,-1073.005981,111.822548,174.908325
767,6.391667,,,,,,,,,,,,,-0.086680,22.994326,-0.749664,-1073.015259,111.840019,174.911240
768,6.400000,,,,,,,,,,,,,-0.085955,22.995564,-0.742118,-1073.005615,111.829819,174.913544
769,6.408333,,,,,,,,,,,,,-0.090752,22.994392,-0.749262,-1073.010132,111.839043,174.918274
770,6.416667,,,,,,,,,,,,,-0.076151,22.995951,-0.743065,-1073.008789,111.802185,174.904373
771,6.425000,,,,,,,,,,,,,-0.083059,22.994013,-0.737809,-1073.010498,111.816864,174.911560
772,6.433333,,,,,,,,,,,,,-0.087512,22.998701,-0.742452,-1073.011353,111.830742,174.916626
773,6.441667,,,,,,,,,,,,,-0.086008,22.995386,-0.747476,-1073.008179,111.829536,174.911026
774,6.450000,,,,,,,,,,,,,-0.087982,22.994789,-0.744617,-1073.011719,111.834930,174.911346
775,6.458333,,,,,,,,,,,,,-0.080766,22.999294,-0.746228,-1073.007202,111.824303,174.910431
776,6.466667,,,,,,,,,,,,,-0.085223,22.995575,-0.746268,-1073.001343,111.816994,174.908569
777,6.475000,,,,,,,,,,,,,-0.087573,22.996595,-0.747362,-1073.006226,111.830658,174.914215
778,6.483333,,,,,,,,,,,,,-0.077677,22.993414,-0.742381,-1073.005615,111.823334,174.914078
779,6.491667,,,,,,,,,,,,,-0.074850,22.999027,-0.742380,-1073.007690,111.823959,174.910934
780,6.500000,,,,,,,,,,,,,-0.084470,22.994387,-0.747828,-1073.004395,111.844627,174.917725
781,6.508333,,,,,,,,,,,,,-0.092731,22.996775,-0.743710,-1073.004517,111.827888,174.914185
782,6.516667,,,,,,,,,,,,,-0.089632,22.989222,-0.750643,-1073.015747,111.834381,174.916336
783,6.525000,,,,,,,,,,,,,-0.084002,22.994049,-0.742224,-1073.013794,111.817551,174.910751
784,6.533333,,,,,,,,,,,,,-0.074245,22.993347,-0.741250,-1073.010742,111.824928,174.913361
785,6.541667,,,,,,,,,,,,,-0.073498,22.992418,-0.748155,-1073.005615,111.823463,174.904831
786,6.550000,,,,,,,,,,,,,-0.084030,23.000420,-0.743491,-1073.008789,111.841003,174.917160
787,6.558333,,,,,,,,,,,,,-0.078283,22.994909,-0.753447,-1073.014771,111.830750,174.912735
788,6.566667,,,,,,,,,,,,,-0.084727,22.994289,-0.741490,-1073.004517,111.828201,174.908447
789,6.575000,,,,,,,,,,,,,-0.081852,22.997578,-0.748528,-1073.006592,111.816612,174.910614
790,6.583333,,,,,,,,,,,,,-0.086184,22.995502,-0.742605,-1073.011963,111.824158,174.915955
791,6.591667,,,,,,,,,,,,,-0.081644,22.998314,-0.747900,-1073.006592,111.834549,174.910416
792,6.600000,,,,,,,,,,,,,-0.081525,22.996962,-0.751984,-1073.011963,111.847420,174.924576
793,6.608333,,,,,,,,,,,,,-0.092344,22.996157,-0.749162,-1073.006470,111.833710,174.909225
794,6.616667,,,,,,,,,,,,,-0.082063,22.993685,-0.749147,-1073.008057,111.819145,174.912689
795,6.625000,,,,,,,,,,,,,-0.085095,22.996712,-0.746048,-1073.011963,111.822861,174.917923
796,6.633333,,,,,,,,,,,,,-0.078091,22.995321,-0.736150,-1072.995117,111.804016,174.899994
797,6.641667,,,,,,,,,,,,,-0.082555,22.998930,-0.743810,-1073.005615,111.828621,174.908752
798,6.650000,,,,,,,,,,,,,-0.084676,22.994761,-0.748852,-1073.010986,111.825592,174.912842
799,6.658333,,,,,,,,,,,,,-0.084064,22.993969,-0.744829,-1073.010132,111.822136,174.907837
800,6.666667,,,,,,,,,,,,,-0.074406,22.995831,-0.741342,-1073.006836,111.810799,174.907990
801,6.675000,,,,,,,,,,,,,-0.083347,22.995003,-0.749705,-1073.010132,111.823494,174.915421
802,6.683333,,,,,,,,,,,,,-0.083104,22.995470,-0.743243,-1073.009644,111.819244,174.916382
803,6.691667,,,,,,,,,,,,,-0.089271,22.998877,-0.745629,-1073.007202,111.822639,174.910019
804,6.700000,,,,,,,,,,,,,-0.078956,22.998949,-0.744262,-1073.005371,111.814308,174.911606
805,6.708333,,,,,,,,,,,,,-0.089690,22.993626,-0.739181,-1073.009399,111.824127,174.914581
806,6.716667,,,,,,,,,,,,,-0.081716,22.995010,-0.743625,-1073.014282,111.812302,174.913757
807,6.725000,,,,,,,,,,,,,-0.081377,23.001377,-0.747704,-1073.022217,111.835899,174.925018
808,6.733333,,,,,,,,,,,,,-0.081252,22.998245,-0.743777,-1073.027222,111.837532,174.916275
809,6.741667,,,,,,,,,,,,,-0.073453,23.001699,-0.744420,-1073.020508,111.820618,174.915604
810,6.750000,,,,,,,,,,,,,-0.090410,22.996119,-0.743026,-1073.031860,111.838226,174.922913
811,6.758333,,,,,,,,,,,,,-0.078901,22.997919,-0.748040,-1073.027954,111.831749,174.925888
812,6.766667,,,,,,,,,,,,,-0.085639,22.999287,-0.745477,-1073.030396,111.837181,174.923889
813,6.775000,,,,,,,,,,,,,-0.078286,22.996367,-0.751556,-1073.027466,111.836815,174.925507
814,6.783333,,,,,,,,,,,,,-0.075915,22.999746,-0.757862,-1073.027100,111.842812,174.922974
815,6.791667,,,,,,,,,,,,,-0.080572,22.997854,-0.748268,-1073.014771,111.832298,174.916168
816,6.800000,,,,,,,,,,,,,-0.079919,22.995190,-0.741794,-1073.020020,111.818497,174.912399
817,6.808333,,,,,,,,,,,,,-0.079813,22.995396,-0.748612,-1073.026001,111.831383,174.919205
818,6.816667,,,,,,,,,,,,,-0.092164,23.001005,-0.738567,-1073.022827,111.838936,174.924057
819,6.825000,,,,,,,,,,,,,-0.075925,22.998110,-0.746272,-1073.025879,111.828499,174.913574
820,6.833333,,,,,,,,,,,,,-0.087579,22.996796,-0.742561,-1073.022095,111.844437,174.923599
821,6.841667,,,,,,,,,,,,,-0.081453,22.999115,-0.738385,-1073.020630,111.817917,174.919754
822,6.850000,,,,,,,,,,,,,-0.087066,23.001095,-0.746639,-1073.023926,111.837982,174.922852
823,6.858333,,,,,,,,,,,,,-0.075660,22.999357,-0.752771,-1073.015991,111.811165,174.915421
824,6.866667,,,,,,,,,,,,,-0.078458,23.000555,-0.741259,-1073.024780,111.828461,174.924835
825,6.875000,,,,,,,,,,,,,-0.076454,23.001419,-0.742730,-1073.025757,111.836555,174.925293
826,6.883333,,,,,,,,,,,,,-0.076582,23.000330,-0.752091,-1073.019043,111.830406,174.916443
827,6.891667,,,,,,,,,,,,,-0.075120,22.999516,-0.743399,-1073.021240,111.832329,174.920059
828,6.900000,,,,,,,,,,,,,-0.076006,23.000772,-0.747003,-1073.028320,111.840202,174.929276
829,6.908333,,,,,,,,,,,,,-0.089546,23.000061,-0.746950,-1073.026001,111.837029,174.923691
830,6.916667,,,,,,,,,,,,,-0.082737,23.003935,-0.744928,-1073.019897,111.833282,174.925903
831,6.925000,,,,,,,,,,,,,-0.072935,22.994352,-0.745202,-1073.031372,111.837761,174.928055
832,6.933333,,,,,,,,,,,,,-0.082868,22.996937,-0.745573,-1073.030273,111.834702,174.926819
833,6.941667,,,,,,,,,,,,,-0.076534,22.999023,-0.743443,-1073.024658,111.831627,174.928162
834,6.950000,,,,,,,,,,,,,-0.075745,23.001156,-0.747241,-1073.025879,111.849335,174.929565
835,6.958333,,,,,,,,,,,,,-0.080150,22.999489,-0.745121,-1073.019043,111.828323,174.921661
836,6.966667,,,,,,,,,,,,,-0.078412,22.993259,-0.742280,-1073.023193,111.831390,174.923096
837,6.975000,,,,,,,,,,,,,-0.082165,22.996336,-0.744082,-1073.019897,111.830696,174.925461
838,6.983333,,,,,,,,,,,,,-0.080536,22.999172,-0.747400,-1073.025513,111.833908,174.921555
839,6.991667,,,,,,,,,,,,,-0.065638,23.001587,-0.734500,-1073.017090,111.812119,174.920410
840,7.000000,,,,,,,,,,,,,-0.069257,22.998690,-0.738516,-1073.020996,111.825035,174.925095
841,7.008333,,,,,,,,,,,,,-0.084047,22.994738,-0.743829,-1073.022949,111.845291,174.924088
842,7.016667,,,,,,,,,,,,,-0.077189,22.997021,-0.754254,-1073.024780,111.840691,174.928085
843,7.025000,,,,,,,,,,,,,-0.075392,22.998554,-0.737791,-1073.026855,111.833458,174.925232
844,7.033333,,,,,,,,,,,,,-0.085338,22.995749,-0.742011,-1073.025635,111.842453,174.922379
845,7.041667,,,,,,,,,,,,,-0.093189,22.999914,-0.752380,-1073.024170,111.849228,174.926605
846,7.050000,,,,,,,,,,,,,-0.076043,22.996143,-0.739168,-1073.025757,111.844139,174.929428
847,7.058333,,,,,,,,,,,,,-0.073184,22.997942,-0.740398,-1073.025635,111.833031,174.929703
848,7.066667,,,,,,,,,,,,,-0.083572,23.001421,-0.745237,-1073.022827,111.836212,174.923889
849,7.075000,,,,,,,,,,,,,-0.069352,22.999434,-0.749508,-1073.022461,111.836533,174.922684
850,7.083333,,,,,,,,,,,,,-0.079399,22.999985,-0.739375,-1073.017578,111.836594,174.921707
851,7.091667,,,,,,,,,,,,,-0.077105,23.000156,-0.741802,-1073.020508,111.836426,174.924103
852,7.100000,,,,,,,,,,,,,-0.083143,22.996502,-0.747939,-1073.023438,111.838394,174.927689
853,7.108333,,,,,,,,,,,,,-0.076839,22.994724,-0.743952,-1073.021606,111.826729,174.918518
854,7.116667,,,,,,,,,,,,,-0.072970,22.995338,-0.748557,-1073.021240,111.836678,174.928070
855,7.125000,,,,,,,,,,,,,-0.083280,22.999470,-0.747431,-1073.025757,111.842743,174.927933
856,7.133333,,,,,,,,,,,,,-0.081405,22.999331,-0.743946,-1073.025635,111.847961,174.925751
857,7.141667,,,,,,,,,,,,,-0.072759,22.998327,-0.736410,-1073.016846,111.843910,174.924347
858,7.150000,,,,,,,,,,,,,-0.072449,22.998804,-0.749441,-1073.030762,111.846527,174.932312
859,7.158333,,,,,,,,,,,,,-0.069505,22.998695,-0.738405,-1073.021606,111.825302,174.921906
860,7.166667,,,,,,,,,,,,,-0.073932,22.996729,-0.742985,-1073.024658,111.827957,174.925430
861,7.175000,,,,,,,,,,,,,-0.079651,23.003052,-0.745056,-1073.020386,111.833267,174.921112
862,7.183333,,,,,,,,,,,,,-0.079793,23.000439,-0.738298,-1073.014038,111.825348,174.916565
863,7.191667,,,,,,,,,,,,,-0.077697,22.998156,-0.735766,-1073.023804,111.830528,174.924622
864,7.200000,,,,,,,,,,,,,-0.079544,22.999638,-0.744824,-1073.018188,111.837692,174.917908
865,7.208333,,,,,,,,,,,,,-0.073425,23.000389,-0.748444,-1073.028809,111.837296,174.919586
866,7.216667,,,,,,,,,,,,,-0.092034,23.000446,-0.749722,-1073.020752,111.838104,174.923508
867,7.225000,,,,,,,,,,,,,-0.071614,22.998283,-0.739894,-1073.019531,111.819565,174.918091
868,7.233333,,,,,,,,,,,,,-0.085757,22.996202,-0.736576,-1073.022339,111.820511,174.916092
869,7.241667,,,,,,,,,,,,,-0.082380,22.994856,-0.748423,-1073.023315,111.834679,174.922058
870,7.250000,,,,,,,,,,,,,-0.075024,22.999077,-0.746011,-1073.018311,111.828232,174.917236
871,7.258333,,,,,,,,,,,,,-0.082198,22.995935,-0.748138,-1073.023682,111.828583,174.919373
872,7.266667,,,,,,,,,,,,,-0.087307,22.999256,-0.739652,-1073.028198,111.832413,174.917831
873,7.275000,,,,,,,,,,,,,-0.089459,22.998480,-0.742317,-1073.030640,111.837326,174.925186
874,7.283333,,,,,,,,,,,,,-0.083858,23.002563,-0.737293,-1073.007935,111.828209,174.915863
875,7.291667,,,,,,,,,,,,,-0.089015,22.998192,-0.742657,-1073.025146,111.842728,174.923676
876,7.300000,,,,,,,,,,,,,-0.086463,22.999712,-0.740433,-1073.022583,111.830040,174.920822
877,7.308333,,,,,,,,,,,,,-0.081946,22.996235,-0.745482,-1073.024536,111.832024,174.920273
878,7.316667,,,,,,,,,,,,,-0.079271,23.000645,-0.748712,-1073.028931,111.832710,174.920990
879,7.325000,,,,,,,,,,,,,-0.074462,22.999420,-0.736436,-1073.016235,111.802811,174.906830
880,7.333333,,,,,,,,,,,,,-0.086788,22.998892,-0.737214,-1073.021973,111.827461,174.921188
881,7.341667,,,,,,,,,,,,,-0.068794,22.997602,-0.739197,-1073.015259,111.803810,174.907532
882,7.350000,,,,,,,,,,,,,-0.087345,22.992605,-0.741399,-1073.019165,111.825607,174.923111
883,7.358333,,,,,,,,,,,,,-0.075007,22.998392,-0.744680,-1073.020630,111.818985,174.924530
884,7.366667,,,,,,,,,,,,,-0.082486,22.998602,-0.736208,-1073.022705,111.828186,174.918686
885,7.375000,,,,,,,,,,,,,-0.080645,22.996428,-0.745380,-1073.027954,111.823830,174.915009
886,7.383333,,,,,,,,,,,,,-0.089319,22.999264,-0.745357,-1073.024536,111.840553,174.925919
887,7.391667,,,,,,,,,,,,,-0.093051,22.994835,-0.740823,-1073.024048,111.830933,174.917465
888,7.400000,,,,,,,,,,,,,-0.089747,22.993366,-0.739004,-1073.023560,111.835327,174.920395
889,7.408333,,,,,,,,,,,,,-0.079306,22.994463,-0.741960,-1073.028076,111.828003,174.922211
890,7.416667,,,,,,,,,,,,,-0.074348,23.001036,-0.738229,-1073.021118,111.812325,174.912491
891,7.425000,,,,,,,,,,,,,-0.084450,22.997839,-0.737555,-1073.020996,111.818520,174.913086
892,7.433333,,,,,,,,,,,,,-0.074797,22.996162,-0.742794,-1073.018921,111.823616,174.913315
893,7.441667,,,,,,,,,,,,,-0.087274,22.993835,-0.749310,-1073.027588,111.833282,174.918213
894,7.450000,,,,,,,,,,,,,-0.086141,22.998447,-0.741836,-1073.020996,111.840858,174.928894
895,7.458333,,,,,,,,,,,,,-0.085636,22.995409,-0.743384,-1073.024658,111.832619,174.920547
896,7.466667,,,,,,,,,,,,,-0.081329,22.999033,-0.744676,-1073.021362,111.831116,174.923325
897,7.475000,,,,,,,,,,,,,-0.079842,23.001617,-0.738439,-1073.017090,111.818153,174.914444
898,7.483333,,,,,,,,,,,,,-0.085056,22.998816,-0.740177,-1073.024170,111.844910,174.923035
899,7.491667,,,,,,,,,,,,,-0.082483,22.999535,-0.742920,-1073.017700,111.821861,174.919205
900,7.500000,,,,,,,,,,,,,-0.084131,22.998653,-0.739929,-1073.019653,111.822929,174.920502
901,7.508333,,,,,,,,,,,,,-0.089236,22.997267,-0.742430,-1073.023315,111.813828,174.915787
902,7.516667,,,,,,,,,,,,,-0.084840,22.995344,-0.744607,-1073.026001,111.818062,174.918549
903,7.525000,,,,,,,,,,,,,-0.084645,23.001245,-0.741211,-1073.023193,111.825203,174.918472
904,7.533333,,,,,,,,,,,,,-0.072139,23.000135,-0.740228,-1073.021118,111.814949,174.913376
905,7.541667,,,,,,,,,,,,,-0.091895,22.998899,-0.735195,-1073.020264,111.830704,174.914734
906,7.550000,,,,,,,,,,,,,-0.080388,22.997349,-0.737430,-1073.015869,111.813080,174.921982
907,7.558333,,,,,,,,,,,,,-0.086925,22.998575,-0.740186,-1073.022095,111.815422,174.920029
908,7.566667,,,,,,,,,,,,,-0.084827,22.996637,-0.747363,-1073.034058,111.834709,174.927597
909,7.575000,,,,,,,,,,,,,-0.075564,23.000582,-0.736695,-1073.027222,111.824211,174.918015
910,7.583333,,,,,,,,,,,,,-0.079375,22.997446,-0.734174,-1073.026855,111.825233,174.924911
911,7.591667,,,,,,,,,,,,,-0.085455,22.998808,-0.749759,-1073.027466,111.837074,174.923645
912,7.600000,,,,,,,,,,,,,-0.076316,22.999083,-0.744204,-1073.024902,111.820534,174.921417
913,7.608333,,,,,,,,,,,,,-0.077813,23.005142,-0.740980,-1073.031128,111.824043,174.920578
914,7.616667,,,,,,,,,,,,,-0.082794,22.998423,-0.741530,-1073.030396,111.830429,174.919205
915,7.625000,,,,,,,,,,,,,-0.093482,22.997835,-0.737824,-1073.024536,111.829590,174.915665
916,7.633333,,,,,,,,,,,,,-0.081644,22.997740,-0.739634,-1073.022095,111.838287,174.920929
917,7.641667,,,,,,,,,,,,,-0.084314,22.996443,-0.737335,-1073.021729,111.823738,174.921387
918,7.650000,,,,,,,,,,,,,-0.077160,23.000298,-0.745708,-1073.030396,111.828880,174.931305
919,7.658333,,,,,,,,,,,,,-0.083801,22.999289,-0.738334,-1073.021362,111.816299,174.923904
920,7.666667,,,,,,,,,,,,,-0.081910,22.998131,-0.741390,-1073.020508,111.827583,174.922348
921,7.675000,,,,,,,,,,,,,-0.079357,22.998135,-0.743696,-1073.023438,111.819206,174.917984
922,7.683333,,,,,,,,,,,,,-0.080961,22.998486,-0.740066,-1073.028320,111.833603,174.923691
923,7.691667,,,,,,,,,,,,,-0.081198,22.999174,-0.743201,-1073.027954,111.828163,174.925262
924,7.700000,,,,,,,,,,,,,-0.085012,22.995750,-0.743424,-1073.022949,111.818031,174.923691
925,7.708333,,,,,,,,,,,,,-0.082951,22.997816,-0.739330,-1073.028076,111.832024,174.930832
926,7.716667,,,,,,,,,,,,,-0.077888,22.998827,-0.739107,-1073.022339,111.831863,174.917603
927,7.725000,,,,,,,,,,,,,-0.089386,22.999290,-0.742835,-1073.018799,111.839340,174.918747
928,7.733333,,,,,,,,,,,,,-0.092285,22.994139,-0.739596,-1073.023682,111.836594,174.920593
929,7.741667,,,,,,,,,,,,,-0.084329,23.000088,-0.747744,-1073.020142,111.816635,174.919373
930,7.750000,,,,,,,,,,,,,-0.081966,22.996912,-0.731586,-1073.018433,111.807350,174.911758
931,7.758333,,,,,,,,,,,,,-0.081669,22.996906,-0.744586,-1073.026001,111.819733,174.918945
932,7.766667,,,,,,,,,,,,,-0.090000,22.999182,-0.738587,-1073.024170,111.835129,174.916611
933,7.775000,,,,,,,,,,,,,-0.085705,22.995356,-0.739206,-1073.028931,111.837997,174.917603
934,7.783333,,,,,,,,,,,,,-0.077254,22.999615,-0.741053,-1073.026611,111.828224,174.917267
935,7.791667,,,,,,,,,,,,,-0.074460,22.997311,-0.733369,-1073.020508,111.808617,174.916656
936,7.800000,,,,,,,,,,,,,-0.072726,22.999355,-0.742854,-1073.030884,111.816071,174.918732
937,7.808333,,,,,,,,,,,,,-0.083564,22.997335,-0.743269,-1073.027832,111.815514,174.917709
938,7.816667,,,,,,,,,,,,,-0.070259,23.004082,-0.740094,-1073.023193,111.819359,174.916382
939,7.825000,,,,,,,,,,,,,-0.082484,22.997028,-0.735813,-1073.030762,111.829033,174.918808
940,7.833333,,,,,,,,,,,,,-0.077275,22.998819,-0.733437,-1073.012329,111.796165,174.909195
941,7.841667,,,,,,,,,,,,,-0.080626,22.997028,-0.726450,-1073.016602,111.793663,174.912003
942,7.850000,,,,,,,,,,,,,-0.090178,22.995611,-0.744468,-1073.019165,111.810623,174.917633
943,7.858333,,,,,,,,,,,,,-0.081576,22.999119,-0.735704,-1073.019775,111.812424,174.911499
944,7.866667,,,,,,,,,,,,,-0.097550,22.992865,-0.736826,-1073.021851,111.825142,174.912064
945,7.875000,,,,,,,,,,,,,-0.089407,22.997946,-0.741419,-1073.020020,111.820892,174.913467
946,7.883333,,,,,,,,,,,,,-0.097223,22.997561,-0.736576,-1073.020874,111.820930,174.916321
947,7.891667,,,,,,,,,,,,,-0.086778,22.999075,-0.742673,-1073.022217,111.813820,174.912628
948,7.900000,,,,,,,,,,,,,-0.081905,22.996977,-0.738489,-1073.023071,111.807037,174.918594
949,7.908333,,,,,,,,,,,,,-0.087240,22.997938,-0.741789,-1073.020874,111.815788,174.913147
950,7.916667,,,,,,,,,,,,,-0.094128,22.998569,-0.748119,-1073.021851,111.829750,174.912735
951,7.925000,,,,,,,,,,,,,-0.086549,22.996437,-0.746440,-1073.026001,111.823090,174.919708
952,7.933333,,,,,,,,,,,,,-0.084139,22.992088,-0.735996,-1073.023926,111.807648,174.912918
953,7.941667,,,,,,,,,,,,,-0.087654,22.999994,-0.733837,-1073.014404,111.807686,174.913055
954,7.950000,,,,,,,,,,,,,-0.083264,22.997631,-0.744003,-1073.015137,111.806335,174.910995
955,7.958333,,,,,,,,,,,,,-0.088638,22.997732,-0.736772,-1073.025391,111.816185,174.911835
